Date,Press,Category,Title,Content,Comment,URL_Origin,URL_Naver
9면 TOP,한국일보언론사 선정,,[에너지 아나키스트] 에너지 자립ㆍ탄소 제로 실험 6년 가파도 ‘절반의 성공...,,,http://www.hankookilbo.com/v/81fef61d7d08410091f17fcf3b1b94eb,http://www.hankookilbo.com/
2017-11-25 04:43:37,비마이너,생활/문화,학대피해 장애인 쉼터의 핵심 기능은 ‘자립지원’되어야,"[    신재생에너지 사업 숙제 남긴 제주 가파도 가보니#1풍력발전기 2대ㆍ태양광 49개로신재생에너지 생산 비율 43%나머지는 디젤 발전기로 충당#2전시행정에 쫓겨 설치한 풍력은발전기는 인도ㆍ축전지는 일본산수리기간 길고 저장용량도 부족#3“가파도는 에너지 자립정책 나침반”기후ㆍ인구 등 지역 조건 분석하고발전량의 경제적 타당성도 따져야    에너지자립섬 1호로 알려진 제주 서귀포 가파도. 현재 전체 전략의 43%를 태양광, 풍력을 통해 얻고 있다. 가파도(서귀포)= 신상순 선임기자ssshin@hankookilbo.com‘신재생에너지 생산 비율 43% 달성’ vs ‘탄소 제로라더니 아직도 디젤 발전’. ‘국내 1호 에너지 자립섬’을 표방하는 제주 서귀포시 가파도가 처한 현실은 이렇다. 2011년 11월 한국전력과 제주특별자치도가 손잡고 친환경 신재생에너지로만 자급자족하는 ‘탄소 제로 섬(Carbon Free Island)’ 건설 사업에 착수했지만 6년이 지난 지금의 성과는 ‘아직 실험 중’이라고 표현할 수밖에 없다. 풍력(32%)과 태양광(11%)으로 공급하는 전력이 지난해 6월 기준 전체의 43%에 달해, 문재인 정부가 2030년까지 국가 신재생에너지 발전 목표 20%를 내건 것을 감안하면 적지 않은 수치인 것은 사실이다. 그러나 국비와 도비 143억 원이 투입되고도 아직도 57%를 디젤 발전이 책임진다는 현실은 비판적이다. 가파도는 신재생에너지 사업의 교훈과 숙제를 단적으로 보여 주는 현장이다. “탄소제로” 6년 만에 43% 달성서귀포 모슬포항에서 배를 타고 10분 남짓. 가파도가 가까워지면서 바람개비 모양의 높이 30m 풍력발전기 2개(개당 250㎾)가 먼저 눈에 들어온다. 김동옥(62) 대정읍 가파리 이장은 “예부터 이 곳에서 정이월 바람쌀 검은암소 뿔 오그라진다는 말이 있습니다. 임금님께 진상하는 검은 암소를 키웠는데 바람이 워낙 세서 소 뿔이 휘어질 정도라는 말이죠”라며 풍력발전의 적소로 꼽힌 배경을 설명한다. 이 쌍둥이 풍력발전기와 49개(3㎾ 48개, 30㎾ 1개)의 태양광 발전기가 전기를 생산하면 섬 가운데 있는 한전 발전소로 모였다가 가정집, 마을회관, 초등학교 등에서 사용되고 나머지는 3.86㎿ 용량의 에너지저장장치(ESS)에 쌓인다. 바람이 약하거나 세서 풍력발전기가 돌지 않거나 날씨가 흐리거나 눈, 비가 와서 태양광 발전기가 무력해질 때 꺼내 쓴다.     제주 서귀포 가파도 내 한국전력이 운영하는 마이크로그리드 센터 모니터. 디젤발전기는 멈춰 있고 태양광과 풍력발전기로만 전기 공급이 이뤄지고 있다. 가파도=신상순 선임기자ssshin@hankookilbo.com한전의 위탁을 받아 가파도 발전소와 마이크로그리드 센터를 운영 중인 JBC 김문봉 소장은 “ESS 저장량이 20%로 떨어지면 주의 표시가 뜨고 15%가 되면 디젤발전기가 가동을 시작한다”고 설명했다. 기자가 센터를 찾은 오후 1시30분에는 풍력발전기 1대와 태양광 발전기 49개가 시간당 151㎾h의 전기를 만들어 이 중 33㎾h를 충전 중이었다. 2대의 ESS 충전량은 각각 35%와 29%를 가리키고 있었고 디젤발전기는 멈춰 있었다. 디젤발전기 없이 태양광, 풍력만으로 6일 연속 전기 공급이 이뤄졌던 때도 있고, 16일 동안 디젤발전기에만 의존했던 때도 있다.김 이장은 처음 3년 동안 우여곡절이 많았다고 했다. “태양광은 대체로 만족스러웠어요. 2012년부터 혼자 사는 노인 집처럼 전기를 많이 쓰지 않는 집 빼고는 대부분 태양광을 설치했습니다. 전체 설치비용(1,260만원) 중 10%인 120만원 정도를 각 가정에서 부담했는데 저도 태양광 달기 전에 보통 월 6만~7만원, 최고 10만원이 넘던 전기료가 월 1만원대로 줄었으니 2년 만에 본전은 뽑은 셈입니다. 하지만 풍력이 문제였습니다. 고장이 잦았고, 한 번 고장 나면 고치는 데 시간이 많이 걸렸죠. 제대로 작동되지 않는다는 기사가 나오고 청보리 축제를 찾아 외지에서 온 관광객들도 왜 안 도느냐고 하니까 주민들 사이에서 섬 이미지만 나빠졌다는 불만도 나왔습니다.” 실제로 가파도에서 2013~2015년 3년 동안 풍력 발전기를 가동한 시간은 총 603시간으로, 하루 24시간으로 환산하면 겨우 25일 가동됐을 뿐이다.    김동옥 가파도 이장이 풍력 발전기에 대해 설명하고 있다. 가파도=신상순 선임기자ssshin@hankookilbo.com가파도 빠진 에너지 자립 사업 가파도의 풍력발전기는 인도 회사 시바의 제품이다. 전기를 저장하는 축전지는 일본 고베전기의 것이다. 고장이 나면 부품 공급이나 수리를 하는데 시간이 걸릴 수밖에 없다. 용량은 더 문제였다. 맨 처음 설치된 축전지 용량은 860㎾. 250㎾짜리 풍력 발전기 2대가 돌아가면 축전지는 2시간도 안 돼 꽉 차버리고 추가로 생산되는 전력은 대부분 사라져 버린다. 게다가 전력을 저장하거나 사용을 위해 다시 방출할 때 전압이나 직류/교류 등 전기특성을 변환시켜 주는 전력변환장치(PCS)의 용량은 고작 450㎾였다. “전기 공급이 불안정해서인지 풍력 달고 나서는 정전도 일어나고 가전제품이 고장나기도 했다”고 김 이장은 설명했다.     가파도의 설비 현황이 같은 총체적 참사는 애초부터 가파도 ‘탄소 제로 섬’ 사업이 친환경 이미지 구축을 위해 밀어붙이기 식으로 이뤄진 전시행정이었다는 점에서 비롯됐다. 2011년 사업 착수 당시 관여했던 한전 관계자는 “2011년 하반기에 제주도 측으로부터 사업을 제안받으면서 2012년 9월에 제주에서 열리는 세계자연보전총회(WCC) 전에 완공해 달라고 해 당황했다”고 말했다. 에너지 자립 섬 구축 시도 자체가 세계적으로 전례가 없는 터에 ▲필요 전력량 ▲일일 기상 변화의 장기 데이터와 이를 토대로 한 전력생산 예측 ▲전기 전송과 저장 시스템 등을 꼼꼼히 따져야 했지만 여유 없이 데드라인에 쫓겼다. 가파도를 에너지 자립 섬으로 만들겠다고 하면서 정작 가파도에 대한 고려는 빠진 것이다. 자연히 국내 대기업은 참여를 꺼렸다. “할 수 없이 해외 업체를 접촉했고 인도와 일본 회사를 설득해서 납품을 받았죠. 충분히 테스트할 여유도 없었고요.”     에너지 자립 섬으로 유명한 덴마크 본홀름섬 측이 2010년 가파도와 함께 ‘녹색 미래를 위한 공동선언문’을 채택한 후 세운 기념석. 신상순 선임기자ssshin@hankookilbo.com상황이 좀 나아진 것은 전력 생산량과 사용량에 따라 ESS와 PCS의 용량을 2014년 1㎿, 2016년 2㎿씩 늘리면서다. 한전 관계자는 “시행착오를 거쳐 신재생에너지로 자급자족할 수 있는 시스템(마이크로그리드)은 갖췄다”며 “ESS 용량이 지금의 2배(약 8㎿)가 되면 섬 전체가 3일 정도 쓸 전기를 저장할 수 있어 디젤발전기를 쓸 일이 거의 없을 것”이라고 내다봤다. 남은 문제는 20억원 이상이 소요될 예산 확보와, ESS 용량 확장 후 남아 돌 전기를 활용할 방안이다. 지역 기반 없이 밀어붙이기로는 실패 김동주 에너지기후정책연구소 연구정책위원은 “가파도는 진정한 에너지 자립으로 가기 위한 국가 정책의 나침반”이라고 설명했다. 정부ㆍ지자체ㆍ업계가 대규모 인프라를 쏟아부으며 신재생 에너지의 생산량만 늘리는 식의 에너지정책은 필패일 수밖에 없음을 입증하는 실례라는 것이다. 친환경 신재생 에너지 기술 못지않게 중요한 것은 사업대상의 조건을 철저히 분석해 사업 기획 자체가 지역 맞춤형으로 이뤄져야 한다는 것이다. 정부는 2030년까지 국내 유인도(127개)의 절반 이상을 에너지 자립 섬으로 조성한다는 계획인데, 가파도의 교훈을 새기지 않는다면 장밋빛 미래는 없다. 국회 예산정책처가 2016년도 결산 자료를 분석한 결과, 에너지 자립 섬 사업은 전반적으로 디젤발전소 감축 효과가 작고 경제성이 떨어졌다. 2015년 말 민간투자로 사업이 완료된 인천 백아도, 전남 삼마도, 전남 상태도의 경우 신재생에너지 수급 비율은 각각 59%, 26%, 23%에 그쳤고, 3개 섬의 운영 결손 18억3,600만원은 산업통상자원부가 농어촌전기공급 사업 예산으로 메웠다. 국회 예산정책처는 “사업 계획 수립 시 신재생에너지 발전량을 정확히 예측해 경제적 타당성을 점검해야 한다”고 지적했다.‘탄소 제로 섬’이라는 구호가 탄소 제로를 만들어 주지는 않는다. 땅, 기후, 인구와 생활습관에 따른 지역화된 접근이 필요하다고 전문가들은 입을 모으고 있다.가파도=박상준 기자 buttonpr@hankookilbo.com▶한국일보 [페이스북] [카카오 친구맺기]▶네이버 채널에서 한국일보를 구독하세요![ⓒ 한국일보(hankookilbo.com), 무단 전재 및 재배포 금지]   ]","['풍력발전기 소음 안나게 직접 한국에서 개발하면 안될까요? 우리나라가 잘 만들던데', '풍력은 저주파 발생.  \n태양광이 10년 이상 진행되어 검증된 최선인듯.']",http://beminor.com/detail.php?number=11574&thread=04r04,https://n.news.naver.com/mnews/article/469/0000256016?sid=103
2017.11.14.,세계일보,,[이슈+] 도움 청하기도 부담스러워…독거노인 식생활 습관 '열악',,,http://www.segye.com/content/html/2017/11/14/20171114003804.html?OutUrl=naver,http://beminor.com
2017.11.17.,뉴시스,,[지역이슈] ‘삶의 무게는 천 근’ 하루에 줍는 폐지값 5000여원으로 생활하는...,,,http://www.newsis.com/view/?id=NISX20171116_0000150327&cID=10804&pID=10800,http://www.segye.com
2017-11-14 16:42:07,연합뉴스언론사 선정,사회,오늘부터 노인 틀니 본인 부담률 50%에서 30%로 인하,"[     독거노인의 영양상태가 노인부부나 시설에 거주하는 노인에 비해 가장 열악하다는 연구결과가 나왔다. 식욕 저하에 시달릴 뿐 아니라 다른 사람에게 도움을 청하기도 부담스러워해 결식·편식이 잦아지기 때문이다.14일 한국보건사회연구원의 ‘노인의 특징별 맞춤형 식사서비스 제공을 위한 지원방안’ 보고서에 따르면 독거노인은 다른 경우들과 대조해볼 때 경제적·신체적 어려움으로 식재료 구입 및 영양섭취에 불편을 느끼는 것으로 조사됐다.연구진은 대상을 △자립적인 생활이 가능한 건강한 노인 △자립적인 생활은 가능하지만 건강하지 않은 노인 △자립적인 생활이 불가능하고 거동이 불편한 재가노인 △자립적인 생활이 불가능하고 거동이 불편한 장기요양시설 입소 노인의 4가지 유형으로 구분했다.자립적인 생활이 가능한 건강한 노인 및 노인부부 가구는 하루 평균 2번 식사를 하는데 한끼만 제대로 식사를 하고 아침에는 과일, 떡 등으로 간단히 때우는 것으로 나타났다. 여기에 주 1회 이상 육류를 섭취하고, 주 2∼3회 이상 달걀을 섭취하는 등 비교적 영양 섭취가 양호한 편이었다. 생선의 경우 먹을 필요성은 인지하고 있지만 조리 시 냄새가 나고 다시 데워 먹을 때 식감이 떨어진다는 등의 이유로 꺼렸다.이에 반해 독거노인에 해당하는 자립적인 생활이 불가능하고 거동이 불편한 재가노인은 경제적 어려움으로 식재료를 제대로 구입하지 못하는 경우가 많았다. 기초생활수급자인 경우 종교단체나 적십자 등으로부터 밑반찬을 제공받기도 한다. 하지만 씹는 기능이 떨어지고 소화 장애에 시달리는 노인의 형편을 고려하지 않은 맵고 딱딱한 음식이 대부분인 것으로 조사됐다. 치매 노인은 장기간 흰죽만으로 식사를 하는 경우도 많았다.자립생활은 가능하지만 건강하지 않은 노인은 건강이 위험한 상태로 이를 장기간 방치하면 노인장기요양보험 수급자로 전락할 가능성이 큰 것으로 지적됐다. 장기요양시설 입소노인의 경우에는 43%가 영양사가 없는 소형 시설에 입소한 것으로 조사돼 개선이 요구된다.보사연의 김정선 보건의료연구실 연구원은 “고령화가 가속화하면서 급증하는 노인 의료비로 인해 영양공급 및 예방적 건강 지원에 대한 요구가 커지고 있다”며 “노인들이 적절한 영양을 섭취할 수 있도록 맞춤형 식사 제공 방안을 제시하고, 이를 실현할 수 있는 제도적 지원 방안도 필요하다”고 말했다.김준영 기자 papenique@segye.comⓒ 세상을 보는 눈, 글로벌 미디어 세계일보 ]",[],http://app.yonhapnews.co.kr/YNA/Basic/SNS/r.aspx?c=AKR20171031184400017&did=1195m,https://n.news.naver.com/mnews/article/022/0003225120?sid=102
2017.11.17.,에이블뉴스,,현재 국회가 심의중인 정부의 내년도 복지예산안,,,http://www.ablenews.co.kr/News/NewsContent.aspx?CategoryCode=0048&NewsCode=004820171117110130781667,http://www.newsis.com
2017-11-17 06:30:03,머니S,사회,[이건희칼럼] 다시 운전대 잡은 70대,"[      【하남=뉴시스】문영일 기자 = 전국적으로 폐자원을 수거하는 노인들은 150만명 정도로 추산된다. 오토바이를 개조한 리어카로 폐지를 싣고 가고 있다. 2017.11.16. ctdesk@newsis.com 폐지 줍는 노인 생계비 등 팍팍한 삶의 연속정부, 사회 안전장치 시급히 마련해야  【경기동부=뉴시스】문영일 기자 = 우리나라는 올해 고령화에 이어 내년에 고령사회(인구 대비 65세 이상 14%)에 진입한다. 앞서 농어촌의 경우 초고령사회(인구대비 20% 이상)에 진입했다. 그러나 고령사회에 대한 사회전반의 제도적 준비는 아직도 부족하다 못해 열악한 수준이다.  특히 경제적으로 노후준비가 안된 상황에서 맞이하는 황혼은 매우 절망적인 삶의 연속일 수밖에 없는 노인들이 약 150만명으로 추산될 정도로 많다. 경제적 결핍의 노년을 스스로 해결하기 위해 일자리를 찾는 노인들이 많지만 이들을 위한 일자리는 매우 한정적이고 수입도 생계를 영위할 만큼 충분하지도 않다. 보건복지부 등에 따르면 우리나라의 65세 이상 노인 인구는 지난 2000년 7%를 넘어 고령화사회가 된데 이어 2017년 9월 현재 13.8%로 고령사회(노인 인구 14%) 진입 단계에 있다. 이어 2018년이면 고령사회가 되고 2026년에는 노인 인구가 20% 이상인 초고령사회가 된다.◇폐자원 수거로 생계 유지하는 노인, 전국 150만여명 추산 지난 13일 오전 9시쯤 경기 하남시 신장동의 한 고물상에는 이른 아침 쌀쌀한 날씨지만 리어카와 손수레에 폐지 등을 싣고 온 노인 3명이 무게를 재기 위해 기다리고 있었다. 기다리는 동안 한 노인은 소주상자에 주워온 빈 소주병을 담고 있었고, 알루미늄 캔과 페트병을 분리하고 있는 할머니도 있었다. 이를 처분해 노인들이 받은 돈은 고작 3000~5000원이 가량이다. 3~5년전 같으면 5000~1만원을 받을 수 있었지만 지금은 폐자원값이 많이 하락해 노인들의 수입 또한 절반으로 줄었다. 그 만큼 노인들의 삶도 팍팍 해졌다. 경기동부지역에서 폐자원을 줍는 노인은 구리시 119명, 남양주시 41명, 양평군 15명, 하남시 40명, 가평군 20명으로 공식 집계됐다. 하남시 소재 한 고물상에 따르면 하루에 10~20여명의 노인들이 고물을 수거해 싣고 온다고 말했다. 하남시 도심지에 고물상이 5개 정도 있는 것을 감안할 때 최소 50여명의 노인들이 폐자원을 수거해 생활하고 있다고 볼 수 있다. 재활용단체들은 폐자원 수거 인구를 전국적으로 175만명으로 추산하고 있으며 이들 가운데 자동차를 이용 직업적으로 수거하는 사람은 20만명 정도로 추정하고 있다. 따라서 150만명 정도는 노인들이라고 볼 수 있다. 행정기관이 파악하고 있는 수치와는 큰 차이가 있다.   ◇폐자원 수거, 노인 70~80대가 절반 이상  한국환경공단에 따르면 현재 1kg 당 폐지(골판지 등 종이박스)는  148원, 신문지 153원, 고철 194원, 알루미늄 캔 1100원, 깨진 흰색 병 58원이다. 현재 가격은 지난해보다 약간 올랐지만 폐자원 값은 과거보다 많이 하락했으며, 이는 경기와 무관치 않은 것으로 우리나라 경제 전반의 침체가 한 원인이 되고 있는 것으로 분석된다.  노인들이 대개 고물상에 가져가는 한 리어카는 20~30kg 정도임을 감안하면 4000~5000원을 손에 쥐게 된다. 하루 반찬값에도 못 미치는 푼돈이다. 폐지를 줍는 노인들의 연령대를 각 자치단체는 대개 70~80대가 절반 이상을 차지하고, 80대 이상과 60대 이하도 각 20% 정도로 추정된다. 또 여성이 남성보다 수명이 긴 점을 고려하더라도 할머니의 비율이 월등히 높다.           이들 가운데 국민기초생활수급자는 20% 정도이며, 월수입은 노령연금을 포함 50만원 미만으로 자치단체는 파악하고 있다. 따라서 노인들은 최저생계비에 훨씬 못미치는 수입으로 근근이 생계를 유지하고 있다.◇밤낮없이 폐지 등 수거… 교통사고 등 안전사고에 노출 노인들은 매일 새벽 이른 시간부터 폐지 등 고물 수거에 나선다. 빈 상자 한 개라도 더 줍기 위해서는 이른 시간에 나가야 한다. 이 것은 오랜 시간 폐자원을 주어온 노인들의 경험이다. 따라서 밤낮을 가리지 않고 폐지를 수거하다 교통사고 등 안전사고에 노출돼 생명의 위협을 받고 있다.  양평경찰서 주상근 교통계장은 “양평읍에서 폐지를 줍는 노인들은 6~8명 정도로 파악하고 있으며, 노인들의 교통사고 피해는 3년 이내에 접수되지 않았지만 항상 위험에 노출돼 있다”고 말한다. 특히 노인들이 리어카에 폐지를 가득 싣고 예사로 무단횡단을 하고 역주행을 하는 등 교통법규를 무시하는 경우가 다반사라서 위험하다는 것이다. 그러나 노인들을 교통법규위반으로 단속한 적은 없다며 노인들에 대한 온정주의적 단속을 할 수밖에 없다고 토로했다. 하남경찰서는 해마다 폐지수거 노인들에게 교통사고 예방을 위한 교육을 실시했으며, 사고예방을 위한 야광 조끼를 전달했다. 이 같은 행정·단속기관의 도움에도 여전히 노인들이 안전사고에 노출돼 있는 것은 주지의 사실이다.◇자치단체·정부의 생계지원은 요원… 자립 노후대책 강구해야 노인들의 폐자원 수거구역은 대개 불문율로 정해져 있다. 서로 수거하는 구역을 침범하지 않아 서로의 갈등을 예방하고 있다. 이 같이 폐자원을 줍는 노인들은 서로에 대한 배려로 삶을 이어가지만 우리 사회는 이들에 대한 배려와 지원이 현실적으로매우 부족하다.  노인들에게 부양의무가 있는 자녀가 있거나 현실적으로 처분할 수 없는 재산이 있는 등 국민기초생활수급자로 지정할 수 없는 사례가 많아 복지사각지대에 놓일 수밖에 없다. 물론 주택을 소유하고 있거나 경제적으로 여유가 있지만 소일거리와 건강을 챙기기 위해 폐지를 줍는 사례도 있다. 그러나 이 같은 경우는극히 적고 오직 생계유지를 위한 경우가 대부분이다.  자치단체장이 노인들의 딱한 처지를 돕기 위해 선심성으로 지원할 경우 공직선거법 위반(기부행위)으로 처벌받을 수 있다.  경기도의 각 시·군은 도로부터 에산을 지원받아 폐자원을 줍는 노인들에게 야광조끼와 야광봉, 장갑 등을 지원하는데 그쳤다. 하남시청 신우철 노인복지팀장은 “현행법으로는 폐지를 수거하는 노인들을 지원할 수 있는 근거는 없다”며 “각 단체의 지원과 개인이 시에 기탁하는 물품의 우선 배정 등으로 지원할 수밖에 없다”고 말했다.  노인복지 전문가들은 ""노인들이 최저수준 이상의 생활을 영위하고 사회적 욕구충족과 생활상의 문제를 예방하고 해결할 수 있어야 한다“며 ”노후생활에 대한 적응과 사회통합을 이루는데 필요한 급여와 서비스를 제공하는 공공과 민간부분의 조직적이고 전문적인 지원이 필요하다""고 조언했다. ctdesk@newsis.com▶ 뉴시스 빅데이터 MSI 주가시세표 바로가기 ▶ 네이버 채널에서 뉴시스를 구독해주세요&lt;저작권자ⓒ 공감언론 뉴시스통신사. 무단전재-재배포 금지.&gt; ]","['', '고단한 현실.']",http://www.moneyweek.co.kr/news/mwView.php?type=1&no=2017110715128034903&outlink=1,https://n.news.naver.com/mnews/article/003/0008292900?sid=102
2017.11.06.,뉴시스,,"[장수소식]군노인·장애인복지관, 이웃돕기 성금 기탁 등",,,http://www.newsis.com/view/?id=NISX20171106_0000139483&cID=10808&pID=10800,https://www.yna.co.kr/
2017-11-01 07:15:01,전북도민일보,사회,"김광수 의원,'노인일자리사업 활성화 정책토론회'개최","[    치과의사협회 ""65세 이상 노년층 경제적 부담 덜 수 있을 것""(서울=연합뉴스) 김민수 기자 = 1일부터 만 65세 이상 노인이 틀니를 구매할 때 지불해야 하는 본인부담금이 더 저렴해진다.    대한치과의사협회는 정부의 건강보험 보장성 확대 계획에 따라 건강보험 대상자의 경우 본인 부담률이 현행 50%에서 30%로 인하된다고 밝혔다.    현재 틀니 제작 비용은 치과마다 조금씩 차이가 있지만 약 110만~130만원 선으로 65세 이상 노인은 해당 금액의 50%(약 55만~65만원)를 부담해왔다.    그러나 이제는 해당 금액의 30%인 약 33만~39만원을 내면 된다.    경제적으로 생활이 곤란해 의료비용을 지불하기 어려운 의료급여 수급자와 희귀난치병 및 만성질환을 앓고 있는 차상위계층의 본인 부담률도 낮아졌다.    의료급여 1종 수급자와 희귀난치병 차상위계층의 본인 부담률은 20%에서 5%로, 의료급여 2종 수급자와 만성질환 차상위계층의 본인 부담률은 30%에서 15%로 조정됐다.    김수진 치협 보험이사는 ""그동안 50%에 달하는 본인 부담률은 경제활동을 하지 않는 노년층에게 큰 부담으로 작용해왔다""며 ""정부의 보장성 강화 정책이 계속 확대됨에 따라 경제적 자립이 어려운 65세 이상 노인들이 더 다양한 의료 혜택을 누릴 수 있을 것으로 기대한다""고 밝혔다.    틀니 치과 진료[연합뉴스TV 캡처]    kms@yna.co.kr기사 문의(기사 제목을 꼭 알려주세요) 및 제보는 여기로(클릭!)최신 유행 트렌드 총집결(클릭!) ]","['', '본인부담 낮추면 뭐하나요.. 치과에서 더 올려 받을텐데....', '치과 보험 진료도 많은데 무조건 과잉, 비급여 진료 유도하는거부터 없애야 합니다.', '&lt; 올해 말까지 전국 252곳 보건소에 치매안심센터 설치 &gt;http://m.hani.co.kr/arti/society/health/811412.html', '기자님들 틀니 해보셨나요?남보일때 보기좋게 할려고 틀니지 딱딱한거 못씹어요 지주(고정니)가 있어야 해요 그런게 돼야 할겁니다 그리고 많이 올리는게 낯워주는 것보다 빠르면 헛일이지요...', '틀틀따리 틀틀따 신나는 구강~ 나도 한번 씹어본다~~', '', '', '문재앙부터 혜택 보겠네,,ㅋㅋㅋ', '임플란트 해줘야지~', '본인 부담금만 낮추면 뭐하나요?\n틀니를 만드는 치과기공소에는 정부 돈이 전달되지 않고 있는데 제대로된 틀니가 만들어질수 있을까요\n치과쪽은 건강보험제도가 너무 허술해요 \n정부 돈은 투입되는데 환자들에게 좋은 소리 못듣는 구조', '', '틀니기공비는   치과로부터  종속되지 않게  외국처럼  분리 개선해주길!!   보건복지부에서  치기공소의   근로환경에  대해   힘써줘야한다!!', '이 정부는 왜 오로지 기집년 퍼주기 틀딱 퍼주기냐? 추가되는 건보료는 문재인이 내는거니?', '치과와   오더받는   기공소의  상하관계는  불합리하다~!!\n 기공소가  열악하다보니 기공사들의  근무환경이야말로   밤낮없이  일해도   근로자의 기본권리도   못챙긴다!!\n보건복지부에서는   독립된   경영할수 있도로   법을\n개선해야  한다!!', '', '하나씩 국민들을 위해 변화하고 있네요', '우끼고 잡아젓네', '망할 틀딱들.  복지 이야기 하면 빨갱이람서 게거품 물더니 지논에 물대기 상황에선 이거저거 더 해달라카네 ㅋㅋㅋㅋ', '이나라는 지금 노인들이 빨리 다 사라져야 살만해지는데 저런걸 왜하는지', '틀딱충들 더 늘어나겠네 ㅋㅋㅋㅋ', '', '이게다 문재인 덕분이다👍', '닭 시절에는 모든게 오르는 것 같은데 문 시절은 다 내리는 것 같아서 좋네 ㅎ']",http://www.domin.co.kr/news/articleView.html?idxno=1172896,https://n.news.naver.com/mnews/article/001/0009650867?sid=102
2017.11.09.,뉴시스,,부산 독거노인·청년 함께 생활… '동거동락'으로 사회문제 해결,,,http://www.newsis.com/view/?id=NISX20171109_0000142809&cID=10811&pID=10800,http://www.ablenews.co.kr/
2017.11.29.,매일경제,,"현대차그룹, 기프트카 캠페인…사회적기업에 자금·멘토링 지원",,,http://news.mk.co.kr/newsRead.php?year=2017&no=789629,http://www.mk.co.kr/
2017-11-29 04:02:40,장애인신문,경제,증가하는 장애인 학대… 피해 장애인 지원 체계는 여전히 '부족',"[    ◆ 나눔경영 ◆     현대차그룹은 스쿨존 안전신호등 설치 등 지역민과 함께하기 위한 각종 사회공헌활동을 펼치고 있다.  [사진 제공 = 현대차그룹] 현대자동차그룹은 국내 대표 기업 위상에 걸맞은 다양한 사회공헌활동을 통해 지역 주민에게 희망을 주는 기업으로 거듭나고 있다.현대차그룹은 지난해 2월 지속적인 사회적 책임을 이행하기 위해 '미래를 향한 진정한 파트너'라는 중장기 비전을 선포했다. 이를 통해 그룹 통합 사회공헌 체계 구축과 함께 새로운 사회공헌 사업에 들어갔다.지난해부터 새로 시작된 현대차그룹 사회공헌 사업은 기존 자동차 중심에서 계열사 전체를 아우르는 그룹 통합 사회공헌 체계로 개편됐다.구체적으로 △드림 무브(사회적 약자 자립 지원 및 인재 육성) △넥스트 무브(계열사 사업 역량을 활용한 사회공헌) △이지 무브(교통 약자 및 사회적 약자 이동 편의 증진) △세이프 무브(교통 안전 및 사회 안전 증진) △그린 무브(환경보전 및 기후변화 대응) △해피 무브(임직원 및 고객 참여 자원봉사) 등 6대 사회공헌 사업을 운영하고 있다.현대차 관계자는 ""특히 자립지원형 일자리 창출을 통해 서민이 중심이 되는 지역 풀뿌리 경제의 발전을 도울 계획""이라고 말했다.드림 무브는 창업지원 및 자립역량 강화 프로그램을 통해 청년과 사회취약계층의 자립을 돕는 사업이다. 현대차그룹은 자립 의지가 있지만 경제적으로 어려움을 겪고 있는 이웃에게 현대·기아자동차를 활용한 창업을 지원하는 '기프트카 캠페인', 2012년부터 시작된 대한민국 대표 청년 창업지원 ·일자리 창출 사업으로 매년 30개 사회적 기업을 선발해 창업 지원금과 함께 창업교육, 컨설팅, 멘토링 등 체계적인 프로그램을 제공하는 'H-온드림 오디션' 등 사업을 운영하고 있다.이지 무브는 누구나 이동의 제한으로 인해 한계를 느끼지 않도록 사회적기업 설립, 이동 편의시설의 확충, 사회복지시설의 차량 지원 등으로 자유로운 세상을 여는 프로젝트다.이에 현대차그룹은 신체적 여건 때문에 이동이 제한되는 장애인을 대상으로 가족 여행의 기회를 제공하는 '초록여행', 교통사고로 신체활동이 어렵거나 선천적으로 이동에 장애를 갖는 아동에게 맞춤형 이동 편의 보조기구를 제공하는 현대모비스 사회공헌 사업인 '장애아동 이동 편의 지원' 등 다양한 사업을 진행하고 있다.세이프 무브는 어린이뿐만 아니라 고령층의 교통안전 의식 함양을 위해 폭넓은 사업과 교육, 캠페인 등을 실행함으로써 안전 문화 정착에 앞장서는 프로젝트다.현대차그룹은 서울어린이대공원 내 3000㎡ 용지에 국내 최대 어린이 교통안전 체험 교육시설인 '키즈오토파크'를 설립했다. 사회의 고령화로 노인 보행자·운전자 관련 교통사고가 증가함에 따라 현대차그룹이 한국노인종합복지관협회, 도로교통안전공단, 사회복지공동모금회와 함께 '베테랑 교통안전 교실'을 운영했다.또 현대차그룹은 교통 약자 이동편의와 어린이 등굣길 안전 확립에도 노력을 기울이고 있다.'재잘재잘 스쿨버스(Chatty School Bus)' 프로젝트는 현대차그룹 젊은 연구원의 참신한 신기술 아이디어를 청각장애 특수학교인 충주성심학교의 통학버스에 구현해 어린이 통학 길에 특별한 추억을 선사하는 프로젝트다. 충주성심학교는 충북 지역 청각장애 특수학교로 인접 도시인 청주에 거주하는 어린이들은 62㎞에 이르는 거리를 통학버스를 타고 2시간 가까이 등하교하고 있다.현대차그룹이 지원한 통학버스는 창문에 입김을 불면 기압계 센서가 이를 인지해 창문이 뿌옇게 변해 '스케치북 윈도우'를 활성화하고 여기에 자유롭게 글을 쓰고 그림을 그려 친구, 부모님께 메시지를 보낼 수 있어 사회와 소통할 수 있는 공간으로 만들어졌다. 기아자동차의 '초록여행' 사업은 경제적 여건이나 이동의 자유 측면에서 어려움을 겪고 있는 교통 약자의 이동권을 향상하기 위한 사회공헌 사업으로 교통 약자와 가족들에게 가족 여행 기회를 제공하기 위한 프로그램이다.이를 위해 기아차는 장애인이 운전 및 탑승할 수 있도록 특수 제작된 '카니발 이지무브' 차량을 교통 약자에게 제공하고 직접 운전이 어려운 경우에는 전문 운전기사를 지원하고 있다.[기획취재팀 = 황형규 기자 / 김병호 기자 / 이한나 기자 / 강두순 기자 / 이재철 기자 / 서동철 기자 / 김정환 기자 / 이유진 기자 / 이덕주 기자 / 백상경 기자 / 황순민 기자 / 강영운 기자]▶뉴스 이상의 무궁무진한 프리미엄 읽을거리 ▶아나운서가 직접 읽어주는 오늘의 주요 뉴스[ⓒ 매일경제 &amp; mk.co.kr, 무단전재 및 재배포 금지]   ]",[],http://www.welfarenews.net/news/articleView.html?idxno=63207,https://n.news.naver.com/mnews/article/009/0004056892?sid=101
2017.11.28.,국제뉴스,,"심재국 평창군수, 2018년도 시정연설 전문.",,,http://www.gukjenews.com/news/articleView.html?idxno=829205,http://www.welfarenews.net
2017.11.23.,메디파나뉴스,,"제29회 아산상 시상식, 대상에 '한국여성의전화'",,,http://medipana.com/news/news_viewer.asp?NewsNum=212121&MainKind=A&NewsKind=5&vCount=12&vKind=1,http://www.gukjenews.com/
A13면 1단,세계일보,,천안시 ‘귀가 프로젝트’ 두 토끼 잡았다,,,http://www.segye.com/content/html/2017/11/05/20171105002845.html?OutUrl=naver,http://www.medipana.com
2017.11.20.,한국기독공보,,마을공동체 상생이 생명/교회가 협동조합 시작 십일조 지키는 마을주민들,,,http://www.pckworld.com/news/articleView.html?idxno=75436,http://www.segye.com
2017-11-05 22:11:04,제주의소리,사회,"원희룡 ""차량운행제한권 이양, 렌터카 총량제 도입""","[ 정부 지원 요양병원 장기입원환자에 새 삶 주고 세금도 절감 / 市, 지역 18개 병원 336명 전수조사 / 건강 회복 퇴원 가능 환자 21명 선정 / 전세자금·임대주택 제공 자립 도와    “정부에서 지원되는 의료비에 의존해 무기력한 요양병원생활을 하며 생을 마감할 뻔했는데 천안시의 도움으로 집으로 돌아와 새 삶을 찾았습니다.”A(63)씨는 충남 천안의 한 요양병원에서 7년 동안 입원했다. 그는 정부로부터 월 250만∼300만원의 입원비를 받았다. 최근 요양병원 생활을 청산한 A씨는 자립적인 생활의 의미를 새삼 체감하고 있다고 털어놨다.입원 의료비를 전액 지원받은 영세민들이 거주를 목적으로 요양병원에 장기입원하면서 세금이 새고 있다는 사회적 비난이 대두했다. 이에 천안시가 전국 최초로 이들을 귀가시켜 희망찬 삶을 찾아주고 세금을 절감하는 길을 열었다.천안시는 최근 요양병원 입원환자 가운데 21명을 자택과 천안시 임대주택으로 귀가시켰다고 5일 밝혔다.천안시는 이들을 귀가시키기에 앞서 지난 3∼4월 2개월 동안 천안지역 18개 요양병원 입원환자 336명 전원에 대한 정밀 전수조사를 했다. 조사 결과 정부지원금을 받아 장기입원 중인 환자가 90명이었다. 이 가운데 21명이 퇴원 가능한 건강상태를 회복했지만 돌아갈 집이 없거나 돌봐줄 가족이 없어 병원 침대 생활을 하고 있다는 사실을 확인했다.천안시는 이들을 퇴원시켜 삶의 질을 높이고 세금을 아끼는 두 마리 토끼를 잡기 위해 시 복지정책과와 건축과, 읍면동의 맞춤형 복지팀 관계자들이 수십차례 합동회의를 하며 머리를 맞댔다. 5∼6월 마라톤 회의를 거듭한 끝에 시는 돌봐줄 가족이 없는 노인들이나 장애인들에게는 노인 돌봄, 장애인활동보조, 밑반찬제공서비스, 일자리 알선, 사회복지사 등을 통한 맞춤형 서비스를 지원하는 체계를 구축하고 장기입원환자들을 집으로 돌아가도록 설득했다.돌아갈 집이 없는 환자들에게는 전세자금 5500만원 전액을 지원하고 천안시 임대주택을 제공했다. 임대주택 전세자금 전액을 지원해도 한명의 환자가 2년간 지원받은 의료비 정도에 지나지 않는다.장기입원환자 귀가 프로젝트는 성공적이다. 자립하기 쉽지 않을 것으로 걱정하면서도 마지못해 퇴원한 장기입원환자 개개인에게 맞춤형 서비스가 제공됐다. 무기력한 병원생활에서 벗어나 퇴원환자들의 사회복귀가 진행됐고 자택으로 돌아간 이들 대부분이 자립적인 삶을 찾았다.천안시는 부적절한 장기입원환자를 위한 ‘따뜻한 보금자리 찾기’ 사업이 의료급여 절감, 요양병원 대기자들의 선순환 입·퇴원, 삶의 질 개선 등의 효과를 거둔 것으로 확인됨에 따라 이 프로젝트를 확대하기로 했다.구본영 천안시장은 “천안시가 특수 시책으로 추진하고 있는 요양병원 장기입원들을 위한 따뜻한 보금자리 찾아주기 프로젝트를 확대해 국가가 지원하는 의료비용을 절감하고 경제적인 어려움 때문에 병원에 스스로 갇히는 소외계층이 새로운 삶을 찾아 자활할 수 있도록 지원을 아끼지 않겠다”고 말했다천안=김정모 기자 race1212@segye.com세계일보 뉴스채널 설정하고 경품받기(클릭)  ]",[],http://www.jejusori.net/?mod=news&act=articleView&idxno=197124,https://n.news.naver.com/mnews/article/022/0003222540?sid=102
2017.11.24.,의협신문,,"'한국여성의전화', 제29회 아산상 대상 수상",,,http://www.doctorsnews.co.kr/news/articleView.html?idxno=120063,http://www.pckworld.com
2017.11.13.,서울경제,,세계가 호평한 CJ의 '세상 바꾸기',,,http://www.sedaily.com/NewsView/1ONKBXO6X7,http://www.jejusori.net
2017.11.06.,인천일보,,"""어려운 이웃 줄어 연탄은행 문 닫는 날 오길""",,,http://www.incheonilbo.com/?mod=news&act=articleView&idxno=785957,http://www.kmatimes.com
2017.11.23.,인천일보,,고양시 '나눔행정' 소외층에 희망 불어넣다,,,http://www.incheonilbo.com/?mod=news&act=articleView&idxno=788497,http://news.itimes.co.kr
2017.11.30.,M이코노미뉴스,,‘혁신창업’·‘사회적 경제’로 일자리 창출,,,http://www.m-economynews.com/news/article.html?no=20745,http://www.m-economynews.com/
2017.11.29.,시민일보,,"윤장현 시장,'3대밸리 가속화 통한 일자리 창출'에 방점",,,http://www.siminilbo.co.kr/news/articleView.html?idxno=541192,http://www.siminilbo.co.kr
2017.11.17.,M이코노미뉴스,,‘혁신창업’·‘사회적 경제’로 일자리 창출,,,http://www.m-economynews.com/news/article.html?no=20755,http://www.m-economynews.com/
T7면 TOP,중앙SUNDAY,,"경찰·병원과 정보 공유, 마음건강 고위험군 치료에 집중",,,http://news.joins.com/article/olink/21719339,https://www.joongang.co.kr/sunday
2017-11-19 00:26:41,경상일보,사회,"남구, 생산적이고 활기찬 고령사회 만든다","[ 구청·주민 힘 합쳐 생명존중 사업자살 시도자, 자살자 유가족 돌봐7위였던 자살률 순위 20위로 낮춰통장이 어려운 이웃 말벗 돼주고해마다 주민들 마음건강 평가도자원봉사 1133명, 취약 계층 도와45개 지자체·기관서 벤치마킹 ━   자살자 수 큰 폭 줄인 노원구 비결은         노원구 이웃사랑봉사단원인 조윤진씨가 외로운 노인의 말벗이 되어주고 있다. 주민 중심의 자발적 봉사조직인 이웃사랑봉사단원 수는 1133명을 헤아린다. [사진 노원구청]     #1. 15일 오전 10시, 서울 노원구 상계2동의 주택가. 조윤진(51·여)씨가 한 다세대 주택 1층의 현관문을 열고 들어서자 집 안에 있던 김옥순(가명) 할머니가 조씨를 살갑게 반겼다. 방 한쪽에 놓인 침대에 앉은 김 할머니에게 조씨는 “식사는 하셨는지” “건강은 어떤지” 등을 소상히 물었다. 대화 중간중간 조씨는 할머니의 얼굴을 유심히 살피기도 했다. 김 할머니가 수년 전 위암 수술을 받았고, 최근에는 얼굴이 뻣뻣하게 굳는 증상으로 고생하고 있다는 점을 이미 알고 있어서다. 한 시간 가까이 이런저런 얘기를 나눈 뒤 조씨는 김 할머니에게 “꼭 약을 챙겨드시라”고 말한 뒤에야 현관문을 나섰다. 김 할머니는 노원구 이웃사랑봉사단원인 조씨가 매월 2회씩 찾아뵙는 독거 노인 중 한 분이다. 조씨는 김 할머니를 비롯해 12명의 노인에게 몇 안 되는 말동무다. 커튼을 다는 일처럼 노인 혼자 하기 어려운 일이나 약을 챙겨드리는 일 등도 그의 몫이다.      #2. 9일 노원구 중계동의 한 주민센터. 회의실에선 이선경 노원구 생명존중팀장을 비롯해 관할 동장과 주민 대표 등 20여 명이 참석한 가운데 회의가 진행 중이다. 이날 안건은 최근 이 지역에서 잇따라 발생하고 있는 자살 사건의 원인을 파악하고 비슷한 사건의 재발을 막기 위한 것이었다. 긴장된 분위기 속에서 다양한 의견이 오갔다. 한 시간가량 이어진 회의의 결론은 구청은 물론 통장과 자치회장 등 주민들도 더 적극적으로 주변 이웃을 살피자는 쪽으로 내려졌다. 일과 중 주민을 자주 접하는 아파트 경비원에게는 자살예방교육을 하기로 했다. 이선경 팀장은 “자살이란 일종의 사회적 유행과 닮아서 자신과 비슷한 처지의 사람이 자살했다는 소문이 들리면 그 이웃 중에도 극단적인 선택을 하는 분이 늘어난다”며 “최근 발생한 사건들의 원인을 공유하고, 비슷한 사건이 재발하지 않도록 주민과 구청이 더 꼼꼼히 신경 쓰기로 했다”고 말했다.                         통계청과 서울시에 따르면 2009년 180명에 달했던 노원구의 자살자 수는 지난해 121명으로 줄어들었다. 10만 명당 자살률로 따지면 2009년 29.3명에서, 지난해에는 21.4명이 됐다. 덕분에 서울시 25개 자치구 중 일곱 번째로 높았던 자살률 순위는 지난해 20위로 낮아졌다. 같은 기간 서울시 전체의 자살률은 10만 명당 26.1명에서 23명으로 소폭 내려갔다. 한국은 2003년부터 지난해까지 14년 연속 경제협력개발기구(OECD) 회원국 중 자살률 1위 국가다. 이런 가운데 서울 노원구가 그동안 골치를 앓았던 자살자 문제에 적극적으로 나서 결실을 거두고 있다. 그동안 개인의 문제로 치부되던 자살을 줄이기 위해 민과 관이 손을 잡고 나선 결과다.      사실 노원구는 다른 자치구보다 불리한 점이 많다. 기초생활수급자 수는 25개 자치구 중 가장 많은 2만4889명이다. 장애인 및 65세 이상 인구도 1위(2만7430명)다. 반면에 재정자립도는 17.8%에 그쳐 25개 자치구 중 꼴찌다. 한마디로 돌봐야 할 사람은 많은데 돈은 부족하다. 이명진 고려대 사회학과 교수는 “행정청의 적극적인 사회적 개입이 자살자 전체를 없앨 수는 없겠지만 경제·사회적 요인으로 인한 자살을 줄이는 데에는 긍정적인 영향을 줄 수 있다”며 “노원구의 경우 상대적으로 불리한 여건에서도 꾸준히 자살자 수를 줄이고 있다는 점에서 고무적”이라고 평가했다.     ━   구청 최초로 자살예방 전담팀      노원구가 전국 기초지방자치단체 중 최초로 ‘생명 존중 사업’을 시작한 건 2010년 10월이다. 당시 서울시 평균(10만 명당 26.1명)을 한참이나 웃도는 자살률(10만 명당 29.3명)을 어떻게든 낮춰보자는 데 구청과 주민 모두 뜻을 같이했다. 같은 해 자살예방 조례를 만들고 구청 내에는 자살예방 전담팀인 ‘생명존중팀’을 만들어 운영했다. 팀장급(6급) 직원 한 명을 포함해 총 4명의 직원이 극단적인 선택을 막는 일에 전력을 다한다. 자살예방 전담팀을 설치한 것도 노원구가 최초다.      주민들의 대표 격인 통장에게는 보건복지도우미 역할을 맡겼다. 동네 사정에 밝은 통장들이 나서서 기초생활수급자를 발굴하고 형편이 어려운 주민들의 말벗이 되어주는 상담 업무까지 수행토록 했다. 상계9동에서 2014년부터 이웃사랑봉사단원으로 활동 중인 윤선화씨는 “외로운 노인분들이 자신의 자식들에게도 못하는 푸념이나 자살에 대한 속마음을 이야기하실 때에는 정말 머리털이 쭈뼛거릴 만큼 희열과 보람을 느낀다”며 “봉사활동을 통해 어르신을 돕는다는 보람 못지않게 그분들의 말씀을 들으면서 내 가정과 나 자신의 현재를 돌아볼 수 있어 스스로도 배우는 바가 크다”고 말했다.      ‘선택과 집중’ 전략도 주효했다. 자살 위험도에 따라 우선순위를 정해 한정된 역량을 집중했다. 자살 위험이 큰 자살 시도자와 자살자의 유가족을 고(高)위험군으로 보고 이들에 대한 집중적인 상담과 심리치료를 진행했다. ‘누가 위험군인지’를 알기 위해 관내 경찰서와 종합병원 등의 힘을 빌렸다. 자살을 시도했다가 실패한 이에 대한 정보는 종합병원이, 어느 가정이 자살자의 가족인지는 경찰서에서 알려주는 식이다. 이런 노력에 동참하기로 약속한 기관은 경찰서와 종합병원, 대한노인회 노원지회 등을 합쳐 23곳에 이른다. 노원구청은 현재도 160건의 자살 시도자 관련 정보를 갖고 이들을 집중적으로 돌보고 있다. 모두 관내 병원의 협조를 통해 얻은 정보다. 경찰의 도움 덕에 자살자 유가족(10건)에 대해서도 꾸준히 상담을 진행 중이다. 누가 자살 위험이 높은 사람인지 가려내기 위해 어려운 형편의 주민들을 대상으로 마음건강 평가도 매년 실시 중이다. 지난해에만 총 1만1243명의 주민이 마음건강 평가를 받았다.     ━   “예산 낭비 아니냐”는 비난도      자살 고위험군을 전문 상담사와 구청이 살핀다면 2차 자살취약계층인 경제적 취약자와 독거노인 등을 돌보는 주체는 일반 주민으로 구성된 이웃사랑봉사단이다. 봉사단원들은 수시로 어려운 형편의 이웃을 찾아가 말벗이 되어주고 이들의 근황을 살핀다. 몹시 고독해하거나 평소와 다른 모습을 보이는 등 의심스러운 징후가 보일 때 이 사실을 동 주민센터에 알리는 것도 이들의 임무다. 현재 봉사활동에 참여 중인 주민 수는 1133명에 이른다. 김영희 노원구 생명존중팀 주무관은 “현실적으로 구청의 역량에는 한계가 있다”며 “주민들의 자발적인 도움이 없었다면 지금처럼 이웃들을 꼼꼼히 보살피기 힘들었을 것”이라고 말했다.      실제 봉사단 활동이 시작된 2011년 4월부터 현재까지 전화와 방문상담 등 어려운 형편의 이웃을 돌본 ‘휴먼서비스’ 제공 건수는 6만1217건에 이른다.      물론 어려움도 있다. 최근에는 구 의회로부터 “가시적인 성과를 내기도 어려운 일에 구청 예산을 쓰고 있다”는 지적을 받았다. 자살을 개인의 문제로 여기는 사회 분위기 탓에 ‘왜 구청이 자살 예방을 하는지’에 대한 근본적인 의문을 던지는 이도 여전하다. 자살 고위험군으로 분류된 주민 중 일부는 자신과 관련한 상담이나 치료 모두를 거부하기도 한다. 그나마 자살자 수가 꾸준히 줄고 있고, 이런 성과를 인정해 주는 주민들이 늘고 있다는 점은 고무적이다. 노원구 공릉동에 사는 직장인 김윤재(38)씨는 “하루 종일 말동무 없이 혼자 벽만 보고 있어야 하는 독거노인들이 극단적인 선택을 한다는 뉴스에 마음이 아팠는데, 이들을 위한 최소한의 배려만으로 자살률을 낮출 수 있다면 구청이든 주민이든 적극적으로 나서야 한다”며 “자살예방정책에 드는 예산은 아깝다는 생각이 하나도 안 든다”고 말했다. 김정일 노원구 생활건강과장은 “자살 줄이기처럼 단기간에 성과를 내기 어려운 일에 지속적으로 노력을 기울이기가 쉽지 않다”며 “주민의 참여와 배려가 없었다면 이 사업을 지금까지 끌고오기도 힘들었을 것”이라고 말했다. 조금씩 성과가 나타나면서 노원구의 노하우를 배워가려는 이들도 늘고 있다. 서울 종로구와 은평구, 충청북도, 강원도 강릉시 등 45개 지자체와 기관에서 벤치마킹을 위해 노원구를 방문했다.      하지만 갈 길은 여전히 멀다. 자살률을 많이 낮췄다고는 하지만 다른 선진국들과 비교할 땐 여전히 노원구의 자살자가 많아서다. 이에 노원구는 몇 가지 노력을 더 하기로 했다. 2018년부터 운영 예정인 ‘마음건강 실천학교’가 대표적이다. 자살 위험성이 높은 주민을 대상으로 명상치유와 둘레길 걷기 등 다양한 프로그램을 체험토록 해 ‘마음보’를 더 단단하게 다져주기 위한 것이다. 노원구를 월계동과 공릉동, 중계동 등 5개 권역으로 나눠 시행된다. 김성환 노원구청장은 “한정된 예산과 행정력이지만 주민들의 적극적인 참여와 타 기관과의 협조라는 거버넌스를 통해 자살률을 낮추는 데 어느 정도 성과를 내고 있다”며 “내년에는 현재 10만 명당 21.4명인 자살률을 10만 명당 19명대로 낮추는 게 목표”라고 말했다.  이수기 기자 retalia@joongang.co.kr   ▶중앙SUNDAY [페이스북] [구독신청] [PDF열람]ⓒ중앙SUNDAY(http://sunday.joins.com) and JTBC Content Hub Co., Ltd. 무단 전재 및 재배포 금지   ]",[],http://www.ksilbo.co.kr/news/articleView.html?idxno=620037,https://n.news.naver.com/mnews/article/353/0000028680?sid=102
2017.11.09.,인천일보,,"""청소 아줌마·경비 아저씨"" 호칭부터 잘못된 만남",,,http://www.incheonilbo.com/?mod=news&act=articleView&idxno=786579,http://ksilbo.co.kr
2017.11.06.,강원일보,,[기고]고향사랑기부제,,,http://www.kwnews.co.kr/view.asp?aid=217110500147&s=1101,http://news.itimes.co.kr
2017.11.03.,백세시대,,11월부터 틀니 본인부담률 50%에서 30%로 인하,,,http://www.100ssd.co.kr/news/articleView.html?idxno=41231,http://www.kwnews.co.kr/
2017-11-06 00:31:09,금강일보,사회,"금산군청소년지원센터, 실물경제체험 뻔뻔비즈 수익금 기탁","[     최욱철 전 국회의원 경제적 파급 효과 커자치·재정분권 대안자리매김 노력 필요 최근 문재인 정부의 국정운영 5개년 계획에 포함된 `고향사랑기부제(고향세)'가 지방재정분권과 균형발전의 대안으로 부각되면서 풀뿌리 지방자치의 화두로 떠오르고 있다. 최근 8월에 실시된 고향사랑기부제 도입에 대한 여론조사에 의하면 찬성 의견이 78.3%에 달하고 평균 기부액수도 27만6,000원이라는 결과가 발표된 적도 있다.  문재인 대통령은 10월26일 제5회 지방자치의 날 기념식에서 “지방이 튼튼해야 나라가 튼튼해지고, 수도권과 지방이 함께 잘살 수 있다”면서 지방분권 개헌의 추진과 고향사랑기부제 신설을 재차 언급했다. 또한 이낙연 국무총리는 고향사랑기부제 법안을 올해 마련하고 내년 상반기 국회를 통과한 뒤 2019년에 시행한다는 구체적인 로드맵을 제시했다.  현 정부가 지방분권과 재정분권의 핵심적 정책과제로 고향사랑기부제를 추진하면서 관련 학계와 지자체 단위의 연구와 논의가 봇물처럼 터지고 있는 양상이지만 우리 강원도에서는 도민과 기초자치단체의 별다른 반향을 이끌어내지 못하고 있다.  특히 강원도 소재 시·군의 재정자립도가 상대적으로 열악하고(전국 평균 54.02%, 강원 31.18%, 전국 16개 시·도 중 꼴찌 전남에 이어 두 번째) 동계올림픽 이후 지방재정 악화를 심각하게 우려해야 할 처지인 우리로서는 현 정부의 정책 추진 방향에 발맞춰 고향사랑기부제에 대한 선도적인 문제 제기와 적극적인 인식의 전환, 철저한 사전준비를 통해 고향사랑기부제를 자치분권과 재정분권의 새로운 대안으로 자리매김하고자 하는 노력이 절실히 요구된다고 할 것이다.    이에 고향사랑기부제 도입이 가져올 경제적 파급효과와 지자체의 준비과제를 먼저 살펴본 후 일본의 고향세 추진 현황과 강원도민의 관심을 촉구하는 필자의 의견을 두 번에 걸쳐 피력하고자 한다. 고향세 도입이 가져오는 지역적·경제적 파급효과는 일차적으로 고향세 기부에 대한 감사 표시로 지역특산품을 제공하고 있는데, 이에 따른 일자리 창출, 특히 농촌에서의 노인 고용 증진과 새로운 설비투자 등 잠재적 수요가 가시적으로 발생하고 있다. 또 인적교류의 증가, 귀농·귀촌 인구의 정착 증가, 고향세 재원으로 개최된 지역축제를 통해 관광객 증가 및 향토산업 활성화가 이뤄지는 등 지역의 종합적 브랜드 가치가 제고되는 뚜렷한 변화가 나타나고 있다.  이에 고향사랑기부제 도입에 따른 연관효과를 극대화하기 위한 준비과제를 살펴보면 첫째, `고향사랑기부제'는 기부대상을 고향이라는 출신지로 한정하지 않고 본인이 기부를 희망하는 마음의 고향으로 적용 범위를 개방하고 있기에 우리 도시를 일차적으로 `기부하고 싶은 매력도시'로 디자인하는 것이 중요하다. 이를 위해서는 2018 동계올림픽의 성공 개최는 물론 이를 통해 도시의 이미지를 획기적으로 개선하고자 하는 노력을 지금부터 강구해야 할 것이다.  둘째, 고향사랑기부에 대한 감사표시로 제공될 지역특산물을 상품으로 특화·발굴하고 지역인재 육성사업, 지역축제 활성화 등 고향사랑기부와 지연산업을 긴밀하게 연계할 수 있는 체계를 구축해야 할 것이다.외부 기고는 본보 편집방향과 다를 수 있습니다  ]",[],http://www.ggilbo.com/news/articleView.html?idxno=420123,https://n.news.naver.com/mnews/article/087/0000684665?sid=102
2017.11.09.,매일일보,,"서울시, 내년도 예산안 31조7429억원 편성···'복지·일자리' 핵심",,,http://www.m-i.kr/news/articleView.html?idxno=358122,http://www.m-i.kr
2017.11.02.,금강일보,,"금산군청소년지원센터, 학교 밖 청소년 실물경제체험 뻔뻔비즈 실시",,,http://www.ggilbo.com/news/articleView.html?idxno=417463,http://www.ggilbo.com
2017.11.28.,오마이뉴스,,대한민국 행복지수 상승 해법은 '농촌'에 있다,,,http://www.ohmynews.com/NWS_Web/View/at_pg.aspx?CNTN_CD=A0002380405&CMPT_CD=P0010&utm_source=naver&utm_medium=newsearch&utm_campaign=naver_news,http://www.ohmynews.com/
2017-11-28 09:00:23,충청투데이,생활/문화,계룡시 가구기업 ‘이케아’ 유치 성공…인구 5만명 돌파 핵심역할 기대,"[ [서평] 지리학의 눈으로 본 농촌의 삶, 장소 그리고 지속가능성 &lt;농촌&gt;[오마이뉴스 이민희 기자]도시재생이 먼저인가, 농촌재생이 먼저인가. 다소 거친 질문일 수도 있겠지만 누군가 이렇게 묻는다면 나는 주저없이 '농촌 재생이 먼저'라고 답할 것이다. 인구과밀화로 포화상태에 이른 도시의 문제들을 해결하고 재정비하는 게 중요하지 않다는 말은 아니다. 인구의 도시 집중 현상으로 도시와 지방간의 격차는 심해지다 못해 급기야 '지방소멸'을 걱정해야 할 지경에 이르렀다. 고령화, 과소화, 사회경제적 낙후성 등으로 소멸의 길에 접어든 농촌의 미래는 암담하다. 이미 농촌 현장에는 '젊은이들은 찾아보기 힘들고 노인들만 넘쳐나니 이제 곧 마을도 사라지겠구나' 하는 위기 의식이 팽배하다. 도시와 농촌의 상생 발전이라는 말도 취지는 좋으나 보기에 따라서는 한가한 소리처럼 들릴 수도 있다. 먼저 '살아야' 뭔가를 함께 도모할 수 있다. 도시와 발전의 짝을 이룰 농촌이 사라져가는데 '상생'이 어떻게 가능하단 말인가. 과도하게 몰린 도시의 인구를 분산하고 수도권과 지방의 격차, 도시와 농촌의 격차를 줄여 고른 발전을 위해서라도 농촌 문제를 우선적으로 풀어야 한다. 농업으로 먹고 살 만하고 농부 뿐만 아니라 다양한 직업군들이 조화를 이루며 교육 문화 의료 복지의 영역에서 격차가 해소되어야 한다. 시골살이의 행복지수가 높아져야 비정상적으로 비대화된 도시도 다이어트가 가능해진다. 대한민국의 골고루 지속가능한 발전의 열쇠는 '농촌'에 있다.  농촌 개발 어떻게 할 것인가?     ▲  &lt;농촌 : 지리학의 눈으로 본 농촌의 삶, 장소 그리고 지속가능성&gt; 표지 ⓒ 따비농촌을 '살 만한 곳'으로 개발해야 한다. 물량공세를 앞세워 하향식으로 밀어붙이는 묻지마 개발은 안 된다. 한탕주의적으로 토건적인 방식의 개발이 가져온 후폭풍은 상당하다. 요란한 잔치가 끝나고 '장밋빛 환상'이 걷히고 나면 공동체와 주민들에게는 분열과 상처가 남는다. 농촌지역을 살리고 마을공동체의 지속가능한 발전을 목표하는 '개발'이 오히려 농촌을 파괴하고 공동체를 해체하는 결과를 초래한다. 농촌 개발의 속살이 이렇다. 전국에 이런 사례들이 부지기수다. 영국의 인문지리학 교수 마이클 우즈가 쓴 &lt;농촌 : 지리학의 눈으로 보는 농촌의 삶, 장소 그리고 지속가능성&gt;에서 저자는 ""지속가능한 경제성장과 생활여건의 개선, 농촌지역의 개발 수준을 국가 기준에 맞게 끌어올리는 것, 농촌을 살기 매력적인 장소로 만들고 국가경제에 긍정적으로 기여하게 만드는 것이 농촌개발의 목표""라며 ""이런 목표를 달성하기 위한 전략은 다양하고 논란의 여지가 많다""(166쪽)고 설명한다. ""농촌 개발 전략은 한 지역이 직면한 특수한 도전들에 대한 대응, 제도적 구조, 개발행위를 위해 동원 가능한 자연자본과 사회자본의 형태에 따라 달라진다""(167쪽)는 것이다.   ""선진국과 개도국 모두에서 새로운 농촌개발 패러다임은 농촌지역이 서로 다른 많은 지역공동체로 구성되며, 각각은 자신만의 정체성, 필요, 열망, 역량을 지니고 있다는 점을 인정한다. 농촌개발 전략은 더 이상 개발의 해법이나 청사진을 강요하는 것이 아니라, 농촌공동체들이 스스로의 목표를 확인하여 자신의 개발계획을 스스로 시행하도록 도와주는 것이 되었다.""(196쪽)이 책은 변화하고 있는 농촌 공간과 농촌 사회를 연구하고 농촌의 미래를 탐색하는 연구서다. 저자는 국가주도의 농촌 근대화 프로그램이 도전을 받으면서 새로운 농촌 개발 패러다임이 등장했다고 본다. 외부로부터 투자를 유치하는 것에서 내생적 개발로, 하향식 개발 시행 방식에서 농촌공동체 자생력을 강조하는 상향식 모델로, 부문별 근대화에서 지역 단위 통합적 농촌 개발로 이동했다는 것이다.이러한 패러다임의 전환은 필연적으로 농촌지역에 대한 담론적 전환을 가져온다. 더 이상 농촌은 퇴행적이고 낙후하므로 도시를 따라잡기 위해 외부의 자원을 동원해야 하는 지역이 아니다. 오랜 기간 형성된 고유한 사회 문화적 환경 자원과 상호 관계망으로 연결된 사회 자본을 가지고 있으며 내생적 발전이 가능하다고 보는 것이다. 이제 농촌 개발의 근대화 패러다임은 지역주민을 참여시키고 지역 자원을 활용하는 상향식의 내생적 개발을 강조하는 새로운 패러다임에 자리를 내주게 되었다. 농촌사회의 재구성과 진화인구 과소화와 고령화로 인한 농촌의 위기는 대체로 세계가 공통적으로 겪는 문제다. 농촌 사회 인구 유출은 공동체 유지에 필요한 최소 인구의 감소를 의미하며, 인구 감소는 농촌 경제의 축소와 사회 문화적 후퇴를 불러온다. 특히 고령화되고 젊은 층의 유입이 줄어들면서 농촌의 인구 구성은 점점 왜곡되어 간다. 반대로 은퇴자의 귀농귀촌 증가 등 새로운 인구의 유입도 발생한다. ""초기 공동체 관련 이론이 제안한 것 같은 '안정적이고 고정되고 동질적인 농촌공동체'는 존재하지 않는다. 실제로는 한 농촌지역에 많은 숫자의 농촌공동체가 서로 중첩되어 함께 존재하면서 때로는 상호작용과 실천의 공간을 공유하기도 하고 때로는 장소를 둘러싸고 경쟁하기도 한다. 따라서 농촌공동체는 역동적이고 조건적이며, 사회적 경제적 재구조화의 맥락속에서 끊임없이 진화하고 있다.""(220쪽) 농촌은 생산과 소비가 일어나는 경제활동 공간이면서 거주의 공간이고 특정 생활양식과 연결된 공간이다. 긴밀한 상호연대와 관계로 표현되어 온 농촌공동체는 인구 이동과 인구 구성의 변화와 왜곡으로 인해 점점 새롭게 진화해나가지 않으면 안된다.저자는 ""국가, 미디어, 기업, 농민, 농촌 주민, 연구자, 관광객 및 당일치기 방문객, 압력집단 및 NGO, 개발기구, 투자자 및 투기자, 다양한 비인간 행위자 등이 매일매일 농촌의 생산과 재생산에 적극 관여하고 있다""며 ""우리는 '농촌과 관련된 모든 것을 내려다볼 수 있는 하나의 조망점은 없다'는 관찰을 재확인할 수 있다""(320쪽)고 이야기한다. 저자가 보기에 농촌은 ""여러 가지가 뒤섞여있고 여러 주체에 의해 공동으로 구성되며, 다면적이고, 관계적이며, 애매모호한 대상""이다.인구의 유출과 유입으로 인한 농촌사회 이동성 증가는 전통적인 농촌공동체 구성에 변화를 가져올 수밖에 없다. 농촌은 동질적인 하나로 규정할 수 없기 때문에 다양하고 복잡하지만 역동적이다. 농촌의 역동성을 규정하는 것은 '관계'다. 구성원들의 유대와 상호작용으로 만들어지는 '관계'는 지역공동체 내 사회적 연결망의 강도를 표현한다. 농촌공동체 안의 사회적 연결망, 즉 사회적 자본은 농촌의 자립적이고 내생적인 발전을 위한 핵심적인 도구다. 농촌의 사회적 자본을 결집시키고 강화해 나가야 농촌의 지속가능한 발전이 가능하다는 것이다. 저작권자(c) 오마이뉴스(시민기자), 무단 전재 및 재배포 금지덧붙이는 글 | &lt;농촌&gt;(마이클 우즈 지음 / 따비 펴냄 / 2016.12 / 22,000원) 이 기사는 이민희 시민기자의 개인 블로그(http://blog.yes24.com/xfile340)에도 함께 실렸습니다. 오마이뉴스는 본인이 직접 작성한 글에 한해 중복 게재를 허용하고 있습니다.☞ [긴급 캠페인] 세월호 마지막 네 가족 스토리... 이들에게 용기를☞ 이 기사 응원! 자발적 유료 구독 [10만인클럽]☞ 모든 시민은 기자다! [오마이뉴스 기사 더보기]☞ 페이지 좋아요! 공식 [페이스북]   ]",[''],http://www.cctoday.co.kr/?mod=news&act=articleView&idxno=1100710,https://n.news.naver.com/mnews/article/047/0002169938?sid=103
2017.11.23.,제민일보,,제주 사회적경제 성장 발판 마련 가시적 성과내야,,,http://www.jemin.com/news/articleView.html?idxno=481717,http://www.cctoday.co.kr
2017.11.22.,중부매일,,소수 돌보는 양원제·직접민주제 확대가 대안,,,http://www.jbnews.com/news/articleView.html?idxno=819388,http://www.jemin.com
2017.11.13.,YTN라디오,,"[함께그리는희망]""끊이지 않는 장애인 학대""-이성규 교수 11/11 (토)",,,http://www.ytnradio.kr/program/?f=2&id=52594&s_mcd=0211&s_hcd=09,http://www.jbnews.com
2017.11.12.,뉴스웍스,,"상신브레이크, 사회공헌활동 '활발'",,,http://www.newsworks.co.kr/news/articleView.html?idxno=148256,http://www.ytnradio.kr
2017.11.09.,매일신문,,"[칠곡군, 에티오피아 지원 사업] 6·25 혈맹 은혜 '새마을'로 갚다",,,http://www.imaeil.com/sub_news/sub_news_view.php?news_id=50429&yy=2017,http://www.newsworks.co.kr/
26면 1단,헤럴드경제,,[경제광장-고제헌 주택금융공사 주택금융연구원 연구위원]고령화시대의 가족리...,,,http://news.heraldcorp.com/view.php?ud=20171102000442,http://www.imaeil.com/
B5면 1단,한국경제,,종신·의료실비·개인연금 보험… 축복받은 노후설계 '3박자',,,http://news.hankyung.com/article/2017112475381,http://www.hankyung.com/
2017-11-26 15:33:38,한국일보,경제,'복지맘' 편견을 깨뜨린 인터넷 페미니즘의 선구자,"[ 100세 넘어 '120세 시대' 현명하게 준비하기인공지능(AI), 로봇기술, 생명공학 등 4차 산업혁명에 대한 이야기가 화두로 떠올랐다. 이런 기술 덕분에 머지않아 평균수명 120세 시대가 도래할 것이라는 예측도 나온다.    한국인터넷진흥원(KISA)은 지난해 내놓은 ‘2045년 미래사회@인터넷’에서 2045년이 되면 인공 장기와 초정밀 진단기술 덕분에 평균수명이 120세까지 늘어나고 노인병도 옛말이 된다고 전망했다. 하지만 100세 이상의 노후를 준비하는 건 현실과 동떨어져 보이기도 한다. 가족 생활비, 자녀 교육비 등 당장 필요한 지출을 생각하면 노후를 준비하기란 쉽지 않기 때문이다.은퇴하거나 은퇴를 앞둔 베이비부머(1955~1963년생)는 이른바 ‘낀 세대’다. 부모 봉양과 자녀 부양으로 인해 본인의 노후 준비는 제대로 하지 못한 사람이 많다는 뜻이다. 한국은 경제협력개발기구(OECD) 회원국 가운데 고령화 속도가 가장 빠르다. 통계청에 따르면 한국인의 기대수명은 2000년 76세에서 2016년에는 82세로 빠르게 늘었다. 오래 산다는 것은 분명 축복이지만 준비되지 않은 장수는 재앙이 될 수도 있다. 축복받은 노후를 맞이하려면 체계적인 은퇴설계가 선행돼야 한다.가장이라면 경제적 책임 기간(보통 막내 자녀의 자립 시점) 이전에 본인이 사망할 것에 대비해야 한다. 가족생활보장을 위해 종신보험에 들어 보장자산을 확보하는 것이 대표적이다. 종신보험은 가장의 책임 기간 동안 사망 보장을 받고, 은퇴 이후에는 연금 전환 기능을 활용해 은퇴자금도 확보할 수 있다.다음으로 각종 질병·사고에 대비해 건강생활보장을 준비해야 한다. 암, 뇌혈관질환, 심장질환 등을 보장하는 중대질병(CI)보험이나 병원비의 상당 부분을 보상해주는 의료실비보험에 가입하면 된다. 은퇴 전 가족·건강생활보장의 준비는 가정을 든든하게 지켜주는 필수 안전장치라 할 수 있다. 마지막으로 노후생활 보장이다. 하루라도 빨리 본인과 배우자의 예상 은퇴 기간을 계산해보고 필요한 은퇴 자금을 확보하는 것이 좋다.은퇴 자금은 보통 은퇴 전 생활비의 70~80% 수준이 되도록 준비해야 한다. 고정생활비와 경조사비, 노후의료비 등을 고려하면 은퇴 후에도 소비는 크게 줄지 않기 때문이다. 가장 효과적인 은퇴준비 방법은 개인연금보험을 활용하는 것이다.개인연금보험은 수령 방법에 따라 종신연금형, 확정연금형, 상속연금형 등으로 나뉜다. 종신연금형을 선택하면 본인이 사망할 때까지 평생 매달 연금을 받을 수 있어 고령화에 따른 장수리스크에 대비하는 최적의 대안이 된다.또한 요즘 같은 저금리 시대에 장기저축을 통한 복리효과도 누릴 수 있다. 은퇴까지 시간적 여유가 남아있다면 변액연금보험 등 투자형 연금보험도 고려할 만하다. 요즘은 연금으로 수령하면 납입 기간과 연금 개시 전까지 일정한 금리를 보증해 안정된 은퇴 자금을 마련할 수 있는 변액연금보험도 나와 있다.은퇴설계는 은퇴 후 나와 배우자에게 주는 선물이라 생각하고 체계적으로 준비해야 한다. 은퇴설계를 할 때는 가계지출은 최대한 줄이고 준비 기간은 최대한 늘려야 한다.수익성과 안정성을 동시에 확보하기 위해 변액연금 등 투자상품을 활용하는 것도 좋은 방법이다.이현주 교보생명 광화문노블리에센터 웰스매니저[한경닷컴 바로가기] [글방] [모바일한경 구독신청] ⓒ 한국경제 &amp; hankyung.com, 무단전재 및 재배포 금지   ]","['변액?은 은해ᆞ보험ᆞ투신 사만 배부르게하는  밥 그릇(●수수료폭리●)으로 실 혜택은 무일푼이다.', '실비 연금 실손은 맞는데 종신은 쫌 아니다. 현실적으로 종신은 상해보험에 비해 수익률이 10배 이상이다. 적당한 실비와 실손으로 리스크 막고 연금보험으로 미래를 대비하는게 답이다. 굳이 종신으로 미래 막아봐야 보험직원 회사만 좋은일 시키는거다', '설계사들 굳이 종신보험만 권하던데 수당 많이 떨어지나 보지. 연금성으로 공제, 연금펀드, 퇴직연금통장 등등 세제혜택 고려해서 월 백만원 정도 넣고, 실손보험로 끝. 추가로 순수보장성 암보험정도 고려 중. 종신보험은 진단비 얼마 되지도 않고, 연금수익률도 없고 이도저도 아닌 보험사 배불려주기 딱 좋은 상품임', '', '음 그렇군요..', '인공지능  가라서대  지구에  인간이  너무  많다.', '오죽하면 변액보험을 똥물보험이라하겠냐...\n그만큼 해롭다는 것이다...', '배 부른 소리 그만 좀 하라고요 쥔진ㅇ', '연금은 아니다. 특히 변액연금', '이 기사는 도움이 되기 보다는 손해만 입히는 기사다. 가족력이 있으면 보험 들어야한다. 반면에 가족력이 없으면 실손이든 종신이든 들 필요가없다. 개인연금(보험사 상품임)은 원금의 10프로 이상을 사업비로 보험사에서 도둑질해간다. 냉중에 개인연금 탈때는 들어간 원금보다 적게 받는다. 개인연금은 들지 말고 대신에 부부가 같이 국민연금 드는기 개이득이다. 노후자금이 좀 모자르면 주택연금을 신청하면된다. 부부합 국민연금 200만원,주택연금 70만원이면 그럭저럭 노후대비가 된다. (난 베이부 부머 세대임. 자동차보험만 들음)', '이기사분이 보험에대해 단점은 설명은안하고\n그냥 대충 설명하네요 \n변액연금은 구조상 초기부터 원금손실발생하고 본인이 공부해서 잘관리해야\n빠르면 7년이 지나야 원금회복됩니다 \nCI보험 애기가나왔는대 이보험은 종신보험\n개정판이라 생각하시면됩니다\n문제는 보험설계사들이 가입자들에게\n마치 ci보험을 만능보험으로 설명하는게 문제입니다 ci나 종신을 추천하는이유는 \n보험비가 비싼 보험이라서\n설계사측에서 이윤이 많이나오는 상품입니다\n기본적으로 실비+3대질병이것만 넣어도\n충분하며 여유는 안되지만 사망보함을 넣고싶다면 종신넣지말고', '하‥\n노후가 문죄앙?', '']",http://www.hankookilbo.com/v/482ff7b69dee4499964d1cc4d21e5a31,https://n.news.naver.com/mnews/article/015/0003856344?sid=101
2017.11.23.,뉴스워커,,[뉴스워커_사회공헌 특집 '나눔'] 기업의 사회 공헌⑤…下. 대기업의 사회공헌,,,http://www.newsworker.co.kr/news/articleView.html?idxno=12484,http://www.hankookilbo.com/
2017-11-25 04:20:34,브릿지경제,오피니언, 강력한 지방 분권과 지방 재정의 미래가 달린 고향세 도입을 촉구하며,"[    [가만한 당신] 리타 헨리 젠슨18세 때 어쩌다 임신보조금과 식당일로 살다가6년 만에 이혼하고 진학아이비리그 졸업 후 기자로아동-저소득 여성에 주목80년대 미국 보수주의 물결로“재정 축내” 복지가 비난 받자“목청껏 싸울 수밖에” 적극 나서Women’s eNews 창간99년 기자 뽑고 편집, 발행 맡아미국 거의 모든 매체에 뉴스 공급수많은 페미니스트 기자 양성    리타 헨리 젠슨은 10대에 임신해 정부 보조금으로 생계를 잇던 '웰페어 맘'으로, 이혼 후에는 편모 가장으로 두 딸을 키우며 다시 공부를 시작해 저널리스트가 됐다. 페미니스트인 그는 자신이 겪은 미혼모와 편부모 가정 복지 문제에 특히 예민했다. 99년 페미니즘 인터넷 매체 'Women's eNews'를 창립해 미국인이 꼽은 최고의 여성인권 웹사이트 중 하나로 키웠고, 수많은 여성 저널리스트를 양성했다. womensenews.org1965년 미국 아이오와 주 콜럼버스의 18세 백인 여성 리타 젠슨은 ‘어쩌다’ 임신을 했다. 그에겐 신문기자 아버지와 전업주부 어머니, 오빠 셋이 있었고, 툭하면 손찌검이던 남자친구가 있었다. 주민 대다수가 백인인 아이오와 주는 대체로 보수적이고 종교 성향이 강한 주로 꼽힌다. 낙태는 당연히 불법이었다. 젠슨은 집을 나와야 했고, 대학 진학도 포기해야 했다. 그는 영세민 부양자녀보조금(AFDC)을 받는 미혼모가 되거나, 미덥지는 않지만 아이 아빠인 남자친구와 결혼해야 했다. 무덥던 그 해 여름 어느 밤, 집 근처인 아이오와 주립대 콜럼버스 캠퍼스 정문을 마주한 길 위에서, 또래들이 꾸었을 꿈만큼 부푼 배를 안고, 한 친구에게 이렇게 말했다고 한다. “보조금에 기대 ‘복지맘(welfare mom)’으로 사느니 차라리 맞고 살겠어.” (facebook/womensmarchnyc) 하루아침에 달라져버린 모든 일에 화도 났지만, 탓할 곳도 화풀이할 사람도 없었던 그는, 좌절한 적 없는 10대의 자존심과 어찌 되겠지 하는 막연한 기대로 65년 8월 결혼했다.결혼한 뒤로도, 두 딸을 낳고도, 남편은 달라지지 않았다. 아니 폭행 대상이 늘었고 칼을 든 적도 있었다고 한다. 보조금은 받지 않겠다던 중산층 백인의 자존심도 생계 앞에선 허망했다. 보조금과 웨이트리스 급료로 버티던 그는, 6년 만인 71년 어렵사리 이혼하고 진학을 결심했다. “영세민에게 지급되는 식품 교환권(food stamp)을 팔아 집 임대료와 전기ㆍ가스ㆍ전화요금을 냈고, 두 딸의 아침ㆍ점심은 주간탁아소에서 먹이고 저녁은 수프나 땅콩버터 샌드위치로 해결했다. 나는 덜 먹는 수밖에 없었다.” 대신 시중 들고 때로는 맞아도 줘야 하는 남편이 없었다. 그에겐 야간고교 졸업장과 아이오와 주립대 입학 허가서가 있었고, 어머니에게 빌린 돈 15달러(입학금)와 직업재활국에서 학비는 지원하리라는 기대가 있었다.    71년 11월 대학 오리엔테이션 날 아침. “나는 새로운 미래를 여는 첫날부터 지각할까 봐 마음이 다급했다.” 잠도 덜 깬 18개월 된 딸을 안고 6살 큰딸은 걸려 비 오는 거리로 나섰지만 그들을 태워주려는 이들은 아무도 없었다. 비는 더 퍼붓고…, 발을 동동 구르던 그의 앞에 구원처럼 빨간 2인승 스포츠카가 서더니 어려 보이는 청년이 두 딸을 탁아소에 내려주고 자기도 학교에 태워줬다는 이야기를 그는 2014년 에세이에 썼다. “그렇게 새 삶이 시작됐다. 책을 읽고, 리포터를 쓰고…, 졸업하면 직장을 얻어 내 아이들을 제대로 먹이고 입힐 수 있는 날이 올 것이었다.” 젠슨은 76년 대학을 졸업한 뒤 뉴욕으로 건너가 이듬해 콜럼비아대 언론학 석사학위를 땄다. 뉴저지 주 패터슨 시의 ‘패터슨 뉴스 Paterson News’ 교육ㆍ사회 담당 기자(77~79년)로 상을 8개나 탔고, 코네티컷 주 ‘스탬퍼드 애드버킷 Stamford Advocate’(79~81년)으로 옮겨 탐사보도팀에서 일했다. 81년 10월 반전 극좌그룹의 마지막 범죄로 꼽히는 뉴욕 보안회사 브링크스(Brinks)사 현금수송차량 강탈사건이 터졌다. ‘블랙 팬서스 Black Panthers’ ‘웨더 언더그라운드 Weather Underground’의 리더급 잔당들이 ‘혁명 자금’을 마련하기 위해 벌인 범죄였다. 경찰관 두 명과 수송 경비 한 명이 살해됐다. 주범 중 하나인 캐서린 보딘(Katharine Boudin, 1943~)이 젠슨의 하우스메이트였다. 저명한 헌법학자이자 인권운동가인 레오나드 보딘(Leonard Boudin)의 딸인 캐서린은 웨더 그라운드의 리더 중 한 명으로 악명 높았고, 70년 그리니치빌리지 타운하우스 폭파사건으로 이미 수배 상태였다. 젠슨과 동거하며 가명(Lynn Adams)을 썼다지만, 기자인 젠슨이 그를 모를 리 없었다. 그 일로 젠슨은 신문사에서 해고당했다. 소송에서 젠슨은 사건 직후 신문사에 사정을 알렸지만, 사측은 젠슨이 온전히 진실을 밝히지 않았다고 주장했다. 젠슨은 “캐서린과 함께 산 이야기를 1인칭 시점으로 기사화하라는 회사 요구를 거부한 데 대한 보복성 해고였다”고 주장했다. 캐서린은 수감 중 재소자 인권 및 AIDS환자 간호 봉사에 열성을 쏟아 22년 만인 2003년 가석방됐고, 성 루크(St.Luke) 병원 에이즈센터에서 일하며 재소자 사회복귀를 도왔다. 브린모어대 우등졸업생인 캐서린은 노르위치대와 콜럼비아대(2007년 박사)에서 교육학을 전공, 지금은 콜럼비아대 사회사업학과 교수로 일한다.   한편 복직에 실패하고 한동안 재취업도 못하던 젠슨은 84년 법률신문인 ‘American Lawyer’, 86년 ’미국법률저널(NLJ)’에서 일했고, 95년 앨리샤 패터슨 재단 펠로에 뽑혔다. 이후 약 4년 동안 그는 프리랜스로 뉴욕타임스와 여성잡지 ‘Mz 미즈’ 미국변호사협회 월간지 ‘ABA Journal’등에 글을 썼다.그는 페미니스트였다. 자신이 겪은 일들- 미혼모와 편부모 가정의 복지 및 사회적 편견, 가정 폭력- 에 특히 예민한 기자였다. 생계를 위해 온갖 글을 쓰면서도, 기회가 닿을 때마다 여성 및 아동 인권과 저소득층 여성 복지문제에 주목했다. 95년 7~8월호 ‘미즈’에 기고한 글은, 직전 시카고에서 열린 페미니스트 법률 컨퍼런스 참관기였다. 한 발제자가 사회보험 주제발표를 하며 ‘복지 맘 welfare mother’이라는 말을 썼는데, 토론자들이 흑인을 상정한 발언을 이어가자 젠슨이 못 참고 일어나 인종주의를 지적했다는 이야기. “나는 청중들에게 바로 내가 복지 맘이었다고 알렸다. 내 금발머리를 보세요. 푸른 눈과 주근깨 천지인 내 아이리시 피부를 보세요.” 몇몇은 웃고, 몇몇은 놀라더라고 그는 썼다. 60년대 자신을 비롯한 아이오와 백인 주민들이 지녔던 ‘복지맘’에 대한 편견과 멸시는 그 무렵 미국 중산층의 보편적 문제의식으로 확산되고 있었다. 대공황 직후인 35년 제정된 ‘사회보장법 Social Security’에서 파생된 미국의 공공부조는 크게 빈곤노인 및 장애인 생계보장, 빈곤가정 일시 지원, 의료부조 등이 있다. 저소득층 사회복지 정책은 60년대 중반부터 ‘빈곤과의 전쟁’이라는 슬로건 하에 대대적으로 전개돼 젠슨의 예처럼 얼마간 성과도 거뒀지만, 70년대 들면서 재정 부담만 가중될 뿐 실효가 없다는 거센 비판에 직면했다. 80년대 전반적인 보수화 기류 속에 공공부조는 저소득층 근로의욕 저하 및 혼외출산ㆍ편부모가정 양산의 주요인으로 지적됐고, 민주당과 진보진영 내에서도 동조하는 이들이 적지 않았다. 저 컨퍼런스가 열렸던 95년은 미 의회와 클린턴 행정부가 복지정책의 대대적 개혁을 준비하던 때였다.     1990년대 중반은 복지개혁법안 문제로 미국 사회가 몸살을 앓던 때였다. 국가재정지출 감소와 근로의욕 제고의 명분에도 불구하고 보조금 삭감과 지원기준 강화에 저소득층 시민들, 특히 취약한 편모 가정 여성들이 반발했다. 사진은 96년 LA시위 모습. AP 자료사진젠슨으로선 기가 막혔을 것이다. 그는 “성교육 반대, 낙태 반대와 마찬가지로 반(反)복지 담론 역시 가난한 젊은 여성들에게 절망과 수치심을 안겨주는 데 일조한다. 쥐꼬리 월급만 받고도 일하게 하고, 남성들의 폭력을 견디게 하고, 더 나은 교육 기회를 박탈하는 일이다.(…) 정치인들의 ‘복지개혁’은 10대 섹스를 막고, 복지맘의 출산을 막아(낙태도 막고), (…) 궁극적으로 인종ㆍ성 차별의 현실을 강화한다. 전국의 유력 신문과 잡지, 방송, 라디오 토크쇼 호스트들은 지금 고통 받는 이들을 위로해야 한다는 사명은 잊은 채 보수 정치인들의 말만 앵무새처럼 읊어대고 있다”고 썼다. 그는 기자였지만 “이제 현실을 언론사에 알리는 건 무의미하다. 우리가 직접, 할 수 있는 한 목청껏, 고함치며 싸우는 수밖에 없다”고 말했다.(Legacy.com)  젠슨은 자기도 조금만 늦게 태어났다면 새 삶을 시작할 엄두를 내지 못했을 것이라고 썼다. 96년 6월 대선 공화당 후보였던 밥 돌을 겨냥해 ‘시카고트리뷴’에 기고한 글에서 그는 “70년대의 공공부조 덕에 나는 아이비리그 대학서 졸업장을 받을 수 있었다.(…) 73년 나와 내 아이들은 월 204달러 보조금으로 생계비의 약 75%를 충당했다.(…) 23년이 지난 지금 아이오와의 편모 3인 가구가 받는 보조금은 생활비의 절반도 안 되는 월 341달러다.(…) 정치인들은 그것조차 지급기간을 2-3년으로 제한하자고 말한다.(…) 국가적 문제를 복지맘 탓으로 돌리는 것은 폭력 남편이 제 폭력을 세상 탓으로 돌리는 것과 다를 바 없다.(…) 당신네 정치인들은 폭력 남성들의 증오심을 충동질하고 저소득 여성들의 자존감을 짓밟음으로써 가정 폭력을 부추기고 있다”고 썼다. 두 달 뒤 클린턴 대통령은 이른바 ‘복지 개혁법’(개인책임 및 노동기회개선법, PRWORA)에 서명했다. 편모가정 등 저소득 가정의 생계ㆍ교육 보조금 등 현금 지급요건을 강화하고, 취업ㆍ노동을 장려하는 것을 골자로 한 법이었다. 99년 전미여성협회(NOW)가 여성 매체 창간을 준비하며, NOW의 법률구제ㆍ교육기금의 정책ㆍ미디어 프로그램을 맡고 있던 젠슨에게 전권을 위임했다. 그가 기자를 뽑고 편집ㆍ발행을 도맡아 창간한 게 인터넷매체 ‘Women’s eNews’였다. NOW의 성명서나 보고서와는 다른, 어디서도 제대로 다루지 않는 여성 현실을 심층 취재해 격조 있는 기사를 온라인으로 배포하고 상업매체에도 공급하자는 취지였다. 2년 뒤 ‘9ㆍ11테러’가 터졌고, 후원재단인 ‘바버라 리(Barbara Lee) 가족재단’이 기금 편성을 변경하면서 ‘eNews’는 금세 폐간될 처지에 놓였다. 젠슨은 독립 경영을 선언했다. 뉴욕시 인큐베이팅 프로그램에 손을 벌리고, 기금 모금을 위해 ‘여성들의 역사적 행진’ 갈라 등을 조직했다. ‘eNews’는 2008년 인큐베이팅 프로그램을 졸업했고, 2016년 현재 연 예산 100만 달러의 작지만 강한 비영리 독립매체로 성장했다. 그 사이 매체는 ‘케이시 메달’ 등 46개 저널리즘 상을 수상했고, 뉴욕타임스 등 미국의 거의 모든 매체에 뉴스를 공급하며 2013 포브스 선정 ‘100대 여성 웹사이트’,  어바웃닷컴이 뽑은 ‘2012 가장 선호하는 여성인권 블로그ㆍ웹사이트’에 꼽혔다. 2007년 인터뷰에서 젠슨은 “우리가 다루는 건 낙태문제만이 아니다. 경제적 기회의 문제, 보건과 복지, 대법원 판결…, 여성의 삶에 영향을 미치는 모든 문제, 사실상 인류의 모든 문제가 우리의 문제다”라고 말했다. 2003년 4월부터는 아랍어 사이트도 열었다. 방문자 조사 결과 뜻밖에 사우디아라비아 등 무슬림 국가 접속자가 많았다고 한다. ‘eNews’는 이집트 여성들의 이혼권 쟁취 노력과 팔레스타인 여성들의 자립 노동 등을 소개하며, 해당 국가의 사이트 접속 차단에 대비해 이메일 서비스도 시작했다.(NYT, 2003.4) 젠슨은 뉴욕데일리뉴스의 ‘2004 뉴욕을 상징하는 여성 100인’ 여성경제인포럼의 ‘최근 10년의 여성 어워드’ 등을 수상했다.      젠슨이 2016년 시작한 '제인크로우 프로젝트'의 로고. ""왜 여성은 어머니가 되기 위해 죽어가야 하는가 Why New Mothers are Dying""라는 문구가 새겨져 있다. 단체는 미국 흑인 여성 임신 출산 사망률이 백인여성에 비해 3,4배 높은 실정이라고 주장했다. janecrow.info젠슨은 2016년 ‘eNews’ 명예편집장으로 물러나, 미국 흑인여성의 임신ㆍ출산 사망률 문제를 환기하는 ‘제인 크로우 프로젝트 Jane Crow Project’를 시작했다. ‘제인 크로우’는 흑인여성 인권운동가 폴리 머레이(Pauli Murray, 1910~1985)가 만든 말. 1944년 하워드대 법대를 최우등 졸업한 머레이는 여성이라서 하버드대 대학원 입학을 거부 당했다. 대통령 부인 엘리노어 루스벨트까지 나서 설득한 끝에 대학 측이 머레이의 입학을 허용했으나, 그는 그 선심을 뿌리치고 캘리포니아 버클리대에 진학해 변호사가 됐다. ‘제인 크로우’는 미국 남부 흑백분리법인 ‘짐 크로우 Jim Crow 법(1876~1965)’에 빗대, 성 차별을 상징하는 말이었다. 그 해 말 뉴욕시는 흑인 임산부 보건 특별기구를 신설했다.젠슨은 ‘eNews’를 통해 수많은 페미니스트 기자들을 양성했고, 강연ㆍ강의로 젊은이들에게 영향을 미쳤다. 변호사 겸 칼럼니스트 질 필리포비치(Jill Filipovic, 1983~)는 뉴욕대 2학년 때 ‘eNews’ 유급 인턴기자로 채용돼 젠슨을 처음 만났다. “그의 뉴스룸은 다양한 인종의 여성들이 모인 작지만 효율적인 팀이었고, 그는 페미니즘과 인터넷의 힘을 결합한 선구자 중 한 명이었다.(…) 그는 늘 힘든 싸움(uphill battles)과 주변으로 밀려난 명분(marginal cause)을 위해 싸웠고, 작은 승리에 결코 반색하는 법이 없었다. 그는 타고난 싸움꾼이었다.(…) 같은 분야에서 일하며 우리는 이견으로 자주 맞섰다. 나는 가끔 그가 근시안적인 고집쟁이라고 생각했고, 아마도 그는 내게서 순진해 빠진 엉터리의 모습을 보곤 했을 것이다. 하지만 그는 단 한번도 왕년의 보스로서 나를 내려보지 않았다.(…) 누구도 완벽할 순 없다. 그는 성미 더럽고 까칠하다는 평을 듣곤 했지만, 그랬기 때문에 그 엄청난 일들을 해낼 수 있었을 것이다. 그는 한 마디로 탁월하고 끔찍한 여성(Nasty Woman par excellence)이었다.”(theinvestigativefund.org)젠슨은 10월 18일 유방암으로 별세했다. 향년 70세. 앞서 그는 유방 절제수술을 받고 “복제 유방을 얻자고 위험 무릅써가며 6주간 누워있을 시간이 없어” 재건수술을 마다했다. 핫팬츠에 민소매 티를 즐겨 입던 그는 2016년 칼럼에서 “쇄골을 드러내는 드레스나 블라우스를 못 입게 된 건 유감스럽지만 가슴을 떼어낸 걸(drop a boob) 후회하진 않는다”고, “정말 후회스러운 건 볼썽사나운 유방절제환자용 수영복을 샀다는 거다. 난 아마도 내가 좋아하는 예전의 까만 스피도 수영복을 계속 입게 될 것이다”라고 썼다.(sheknows.com)18일은 젠슨이 유난히 좋아했다는 힌두교도들의 빛의 축제일(디왈리 Diwali)이었다. 그 핑계로 뉴욕의 내로라하는 페미니스트 친구들이 평소 그가 즐기던 인도 음식을 들고 그를 병문안 했고, 젠슨은 원더우먼 파자마 차림으로 친구들을 맞이했다고 한다. 최윤필기자 ▶한국일보 [페이스북] [카카오 친구맺기]▶네이버 채널에서 한국일보를 구독하세요![ⓒ 한국일보(hankookilbo.com), 무단 전재 및 재배포 금지]   ]","['기사를 읽다보니 같은 여자입자에서 맘이 저려왔다 그래도 명석한 두뇌와 의지로 모든 역경을 이기고 당당하게 살아 온것이 대단하고 훌륭하게 생각된다', '한국은 아직도 가정폭력을 단순 집안일 문제로 여기는 경향이 있다더라구요ㅠㅠ 어서빨리 한국도 바뀌길!!좋은기사 감사합니다', '자기가 잘못했으니까 책임지는건 당연하고 사회부조리에 목소리내는건 민주사회 구성원으로서 당연한 권리', '페미니즘이 무슨 원할머니 보쌈인줄 아나 페미니즘에 원조 정통 진짜가 어디있어', '', '', '남자들 웃기지않냐 어제까지만 해도 유아인 군대가라고 입에 거품물더니 이제와 형님, 형님.ㅋㅋㅋㅋㅋ이중잣대는 페미가 아니라 너네들이지~', '여기 시대를 뛰어넘는 양비론자들이 곳곳에 보이네요!!!!! 세상이 너~~~무나 밝아지다못해 눈이 멀어버리겠어요~~~ 양비론 하는 남자들 진짜 멋지다^^ ^^ ^^ ^^ ^^', '요새 페미니즘은 여성을 약자로, 남성을 강자로 전제하기 때문에 태생부터 틀렸다는 글을 가끔 보는데. 여기서 저분을 10대에 임신시키고 폭력을 휘두르다 이혼한 또래의 그 남성은 과연 저분만큼 편견에 시달리며 힘들게 살았는가? 또한 그 프레임이 요즘은 완전히 없어졌는가? 엠마왓슨도 틀렸다는데 그럼 저분도 틀린 주장만 하다 죽었단 말인가? 똑같이 어려운 처지라면 어딜가나 예나 지금이나 여성이 더 어렵고 편견에 시달리는데 걍 아니라고?', '큰일은 여자가 !!\n낙태죄를 폐지하라', '', '', ""정ㅋ통ㅋ페미니즘ㅋㅋㅋ어디 뭐 원조 할매 국밥집 찾는 것도 아니고ㅋㅋ남자들이 말하는 정통이 뭔지 궁금하네. 유리천장이랑 바닥도 구분 못 하고 유아인 군대 안 간다고 빽빽거리다가 한 순간에 돌아서서는 형님 형님 거리고 있고ㅋㅋ혼자 입대 한 게 억울하면 여친 손 잡고 같이 들어가자고 찡찡대지 그랬냐ㅋㅋ그 앞에서는 온갖 허세 다 떨었을 놈들이 넷상에서는 왜 여자는 군대 안 가죠? 역차별이네요?ㅋㅋ? 애초에 남자들'만' 군대 가라고 정한거 '남자'들이고 그럼 국방부에 민원을 넣든지 장관한테 따지길ㅋㅋㅋㅋ만만한 게 여자고 할 얘기가 군대뿐이지"", '일베가 내놓은 주작여혐자료에 선동당하고, 기울어진 운동장의 개념도 몰라서 ""양비론자"" 소리를 들어도 칭찬인줄 아는 사람들이라면.. 조용히 뒤로가기를 누르시면 됩니다..^^', '나는 좋은 환경에서 공부에만 전념해도 고작 단국대 죽전캠에 들어갔을 뿐이고 고작 2점대 학점인데, 저 사람은 애 키우고 남자한테 맞아가면서도 콜롬비아대에 들어가다니... 유전자의 차이다.', '더더욱 인상적인게 뭔지 아십니까? 사람 3명을 죽이고 감옥에서 22년간 복역한 여자가 출소 후 대학에서 박사학위를 따고 교수까지 될 수 있다는거죠. ㅋㅋㅋ 얼마나 판타지 같은 얘깁니까.... 미국이란 사회는 이게 가능했던거에요. 도저히 상식적으로 납득하기 어려운 일이 미국에서는 가능했기 때문에. 부모의 경제력이 자식의 인생을 재단한다 주장해도 틀리지 않은 세태가 이미 수십년이 지난 한국에서는 이해할 수 없는 일인 겁니다. 이런 기사는', '저는 미혼모로써 가족의 생계를 부담하면서도 명문대 석사 학위까지 받을 수 있었던 70년대 미국의 복지체계가 훨씬 더 인상 깊군요. 감히 상상이나 할 수 있습니까? 애가 둘이나 딸린 무일푼 미혼모가 4년제 대학을 졸업하고 서울대 대학원에서 언론학 석사과정까지 마친다는걸요? 제가 보기엔 한국에서는 불가능합니다. 먹고 사는거 자체도 힘들어요. 근데 미국은 반세기 전에 그게 가능했다는거에여. 공공부조로써. 정말 대단한 사회죠. 그렇기 때문에 한국에서 청소부 하던 사람도 미국가면 대학 교수 할 수 있다는게 아닐까요? 개인 노력에 따', '', '', '', '', '', '궁금한게 남자들이 말하는 페미는 뭐고, 인권 운동은 뭐임?  남자들 눈에 안띄게 조용히 소신껏 여성인권 챙기는거?ㅋㅋㅋ그럼 반대로 남자들은 페미들만큼 인권챙기기에 힘쓴적있음? 군대 복지 시위11명온거?  아니면~ 갓건배가 방송할때마다 가서 신고 버튼 누르는거?푸핰ㅋㅋㅋㅋ유감이다 증말루~', '근데 왜 자꾸 그녀인데 그라고 쓰는건가요 그냥 물어보는겁니다', '', '', '페미니즘 = 돈이된다. 기사ㅇ요점', '', '', '이 사람은 그렇게 많은 일을 할 수 있으면서 피임을 하는 법도 모르고 손찌검하는 사람과는 상종하지 않는 법은 못 배웠나 보네..', '후... 또 또 더러운 메웜돼지년들 몰려와서 댓글창 더럽히는거봐. 이럴시간에 유아인한테 사과나 하세요 자칭 인권운동가들아ㅋㅋ', '', '어우야 댓글창 너무 무거워진 거자너 ㅋㅋㅋㅋㅋㅋㅋㅋ', '010-4802-1582', '결국에는 복지와 안전을 달라 이건데, 그래서 그 복지를 할 재원과 안전을 담당하는 국방과 치안을 담당하는 사람들이 누구지? 스스로 생산하지도 못하는 것을 영원히 요구하면 자신의 지위가 유지될 수 있을거라 생각하나? 하하하..', '조중동과 한경오의 차이는, 자기들한테 불리한 뉴스도 쓰는지 안쓰는지 차이다. 한경오 놈들아 워마드 보고 느낀건 없냐?', '', '[2018 페미니즘, 여성예산 34조 국방비43조 나라가 미쳤다..남성예산은 없음] http://m.news.naver.com/comment/list.nhn?commentNo=1134838814&amp;gno=news008,0003962877&amp;mode=LSD&amp;mid=sec&amp;sid1=001&amp;oid=008&amp;aid=0003962877', '', '', '남자보다 사회진출 2~2년 반 빨라, 사회단절, 학업 중단없어, 나라와 언론도 여자편이야 뭐가 아쉬운데? 남자는 고졸하고 대학 들어오면 곧바로 사회단절이야 양심없는것들아 ㅋㅋ', '', '페미니즘=안아키=사이비종교=다단계=보이스피싱', '18세때 어쩌다임신? 임신을 어쩌다가도 할수있는거?ㅋㅋㅋㅋ', '페미니즘이 주장하는 성평등은\xa0모순이 있기 때문에, 현실화 될 수 없다. 페미니즘의\xa0의도는 좋았으나,\xa0공산주의와 마찬가지로\xa0이상만 내세우며 현실을 외면한다. 남녀가 평등해지는 세상을 말하지만 그들이 하는 행동은 여성의 권리만을 주장하고 남성의 권리는 완전히 무시하고 있다.또한 일부\xa0페미니스트의 도를 넘는 과격한 행동이나 언행에 대해 페미니스트들이 그것을\xa0페미나치의 행위로 규정하며 (정상적)페미니즘과 구분하려는 모습을 보이는데, 그 모든 것이 페미니즘이다.', '여시,메갈(구),워마드,쭉빵,뉴빵,트페미,전디협,쌍코.소드,레테,여초판,전교조,정치계,한경오,여성신문,여대,여학생회,디씨여초갤,82쿡,맘스홀릭,맘카페,인스티즈,루리웹(정게),다음,파우더룸 등등 다 뷔페미니즘 옹호자임', '참 편리하지 않나요? 남자를 Jot같이 대한 후, 사람들이 페미니즘을 거부하면 ""페미니즘은 평등에 대한 거예요"" 라고 말하기만 하면 되니깐', '저런 사람이 페미니스트지 두 딸 포기하지 않고 책임감있게 기르고 자기 권리 정당하게 주장하는 여자. 응원한다.', 'ㅋㅋㅋ 페미니즘 덕분에 여자들 유리바닥이 깨진다ㅋㅋㅋㅋ 진짜 멍청한년들ㅋㅋㅋ 페미니즘은 상위 10퍼센트 여성만 좋은거임 😆😆😆😆']",http://www.viva100.com/main/view.php?key=20171122010008402,https://n.news.naver.com/mnews/article/469/0000256012?sid=110
2017.11.19.,경기일보,,양주 덕계동에 자활기업 미소헤어숍 문 열어,,,http://www.kyeonggi.com/?mod=news&act=articleView&idxno=1414734,http://www.newsworker.co.kr
2017.11.17.,아주경제,,양주지역자활센터 자활기업 ‘미소헤어숍’ 개소,,,http://www.ajunews.com/view/20171117102428158,http://www.viva100.com
2017.11.08.,매일신문,,[매일 파워 인터뷰] '박소선 할매집곰탕' 대 이은 차준용·안경순 부부,,,http://www.imaeil.com/sub_news/sub_news_view.php?news_id=50209&yy=2017,http://www.kyeonggi.com/
2017.11.07.,경상매일신문,,"칠곡, 메마른 티조에 ‘꿈ㆍ희망’ 심다",,,http://www.ksmnews.co.kr/default/index_view_page.php?idx=189478&part_idx=7,http://www.ajunews.com
2017.11.06.,경북도민일보,,"칠곡군, 에티오피아 어린이들에게 희망 전하다",,,http://www.hidomin.com/news/articleView.html?idxno=342406,http://www.imaeil.com/
2017-11-08 00:11:32,한국기독공보,사회,성도 10명 교회가 사라지는 마을 살린다,"[     박소선 여사의 유일한 며느리 안경순 씨가 주방에서 곰국(곰탕)을 끓이고 있다. 박노익 대기자 noik@msnet.co.kr""'손님에게 잘해 드려라' 어머니 마지막 말씀 지키는 게 사명""[석민 선임기자 sukmin@msnet.co.kr] 2011년 3월 25일 달성문화원장 취임식장. 갑자기 장내가 숙연해지면서 묘한 긴장감이 흘렀다. 신임 원장 차준용(76) 씨가 자신의 아내 안경순(71) 씨에게 감사패를 전달하겠다는 깜짝 발표를 한 탓이다.“귀하는 지난 43년간 착한 며느리, 현명한 아내, 인자한 어머니로서 가정의 화목은 물론 우리 달성지역의 음식문화 향상 및 가업을 계승 발전시키는 데 헌신적인 사랑과 한결같은 마음으로 최선을 다해 주었기에 그 아름다운 덕을 치하하며 우리 지역민과 함께 나누고자 오늘같이 뜻깊은 자리에서 사랑과 감사의 정을 담아 이 패를 드립니다.”곧이어 우레와 같은 박수가 터져 나왔다. 어떤 쑥덕거림도 없었다. 이 감사패 전달식이 단순한 이벤트성 깜짝쇼가 아니라는 걸 달성 현풍 사람이라면 누구나 잘 알기 때문이었다.전국 3대 곰탕으로 꼽히는 ‘원조 현풍 박소선 할매집곰탕'(이하 박소선 할매집곰탕)이 80여 년의 역사를 이어올 수 있었던 것은 차준용 달성문화원장(현)의 어머니 고 박소선 여사의 음식에 대한 정성과 혼, 이를 제대로 이어받은 아내 안경순 씨의 순종, 그리고 남편 차 원장의 아내 사랑 덕분이었다.“무엇보다 다행스러운 것은 10여 년 전부터 아들`딸들이 할머니와 엄마, 아빠의 뒤를 잇겠다면서 식당 일에 적극 나선 것입니다. 저(차 원장)는 어떻게든 어머니의 정신과 혼이 담긴 곰국(원래는 곰탕이 아니라 곰국으로 불렸다. 할매곰탕이라는 이름은 외지 손님들이 붙여준 것이라고 설명했다)을 계승시켜야 한다고 했지만, 아내는 ‘뭣 하러 자식들을 그 고생시키느냐. 다른 걸 하게하자’고 주장했습니다. 사실 지금까지 아내의 고생을 생각해 보면 집사람의 주장에도 일리가 있었습니다.”박소선 여사의 정신과 혼을 이어받아 현풍 곰탕을 한국의 대표 음식 반열에 올린 차준용 달성문화원장 부부를 만나, 박소선 할매집곰탕에 얽힌 뒷이야기를 들어보았다.◆음식은 좋은 재료와 정성이다!차 원장은 1942년 추석에 태어났다. 그전에 어머니(박소선 여사)는 이미 달성 유가면에서 곰국 식당을 하고 있었다. 일제강점기 서민의 삶은 고단하기 그지없었다. 어머니의 친`인척들도 살기 위해 고향을 떠나 만주로, 일본으로 가야 했다. 차 원장은 아버지를 한 번도 보지 못했다. 홀로 남은 어머니는 어떻게 해서든 경제적 자립을 해야 했고, (차 원장의) 외할머니로부터 배우고 익힌 타고난 음식 솜씨가 유일한 생존 수단이었다.“내가 어렸을 적에 곰국은 아무나 먹을 수 있는 음식이 아니었습니다. 지역 유지나 관공서 직원 등이 특별한 날에 먹을 수 있는 고급음식이었죠. 손님들은 하얀 쌀밥에 곰국을 먹는데, 우리는 꽁보리밥으로 끼니를 때워야 했습니다. 쌀밥이 먹고 싶어 울고 불며 엄마를 조르던 일이 지금도 생생합니다.”곰국은 그때나 지금이나 원가가 많이 드는 음식이다. 좋은 재료를 엄선해 정성껏 만들다 보니 이윤이 많이 남지 않았다. 그때마다 어머니 박소선 여사는 “항상 최고의 재료와 최선의 정성으로 음식을 만들어 손님께 대접해야 한다. 우리 가족이 굶지 않고 살아갈 수 있어 감사할 뿐”이라고 말했다.그러나 곰국 식당은 오래가지 못했다. 해방과 6`25전쟁을 겪으면서 경제는 더욱 피폐해졌고, 곰국을 먹을 만한 형편이 되는 사람이 거의 없었기 때문이다. 그래서 6`25전쟁 이후 초가집을 마련해 밥집을 열었다. ‘할매집’ ‘일미식당’ ‘일미옥’ 등으로 불린 식당은 저렴한 한식 백반이 주요 메뉴였다. 비록 저가의 식단으로 바뀌었지만 ‘최고의 재료와 최선의 정성’이라는 박소선 여사의 원칙과 마음가짐은 변함이 없었다.“5`16 이후 인근에 달성경찰서가 생기면서 거의 전 직원이 우리 집에서 식사를 해결했습니다. 음식 맛이 좋기로 유명했죠. 전근 간 경찰관들이 전국 방방곡곡에서 가족들과 함께 다시 찾아오기도 했습니다. 자연스레 현풍의 숨은 맛집으로 소문이 났습니다.” ◆현풍의 맛집, 대박을 터트리다1960년대 말 차 원장은 안경순 씨와 결혼식을 올렸다. 이 당시 할매집 식당은 일을 돕는 종업원을 2, 3명 둘 정도로 자리를 잡았다. 하지만 ‘최고의 재료와 최선의 정성’이라는 박소선 여사의 원칙 탓에 별로 남는 게 없었다. 차 원장은 갓 결혼한 아내를 두고 서울로 돈벌이를 위해 떠나야 했다. 이때의 호텔 매니저 경험이 훗날 박소선 할매집곰탕의 경영에 큰 도움이 되었지만, 신혼부부의 생이별을 시어머니 박소선 여사는 가슴 아파했다.“요즘도 식당 일이 힘들다고 하는데, 그 당시와 비교하면 아무것도 아닙니다. 상수도가 없어 이웃에서 우물물을 길어 와야 했고, 밥과 국은 가마솥에 장작을 때 지어야 했습니다. 음식 재료를 신선하게 보관할 냉장시설도 전혀 없었습니다.”며느리 안경순 씨는 “안 그래도 바쁘고 힘들어 죽을 지경인데, 시어머니는 반찬이나 음식을 할 때에 꼭 나를 불러 하나하나 엄격하게 시키셨다”며 “‘왜 이렇게까지 하실까’ 하는 마음이 없진 않았지만 순종하는 마음으로 따랐다”고 했다. 훗날 시어머니 박소선 여사가 “주인이 음식을 제대로 할 줄 알아야지. 안 그러면 종업원들에게 끌려다니게 된다”고 귀띔을 해주실 때 비로소 그 깊은 뜻을 알게 됐다.박소선 여사에게 며느리 안경순 씨는 “착한, 우리 복덩이!”였다. 시집 온 뒤로 장사가 더 잘 될 뿐만 아니라, 구마고속도로(현 중부내륙고속도로) 현풍 구간 공사가 시작된 것이었다. 주위에 식당이 별로 없는데다, 현풍 맛집으로 소문난 만큼 공사 현장 임직원들의 단골식당이 되었다. 주메뉴는 여전히 한식 백반이었다. 곰국은 명절 때 가족들이 먹기 위해 끓였다. 어쩌다 곰국을 맛본 단골손님들은 찬사를 쏟아냈다. 회식 때 단골메뉴였던 닭찜 대신에 곰국과 수육을 만들어 달라는 요구가 이어졌다. 하마터면 여기서 멈출 뻔했다.다행히 세상의 변화를 차 원장이 먼저 알아차렸다.“어무이, 우리 곰국을 다시 시작합시더!”“도대체 뭔 소리 하노, 곰국 먹을 사람이 몇이나 된다꼬?”“아닙니더. 세상이 달라졌심더. 고속도로 공사로 돈도 돌고, 사람들이 몰려오고 있심더.”차 원장의 집요한 설득으로 박소선 여사는 곰국을 다시 시작했다. 대히트였다. 고객은 주로 외지 사람들이었다. 지역 주민들이 일상적으로 먹기에 곰국은 여전히 너무 비싼 음식이었다. 곰국을 모르고, 곰탕에 익숙한 외지 사람들은 ‘현풍할매곰탕’이라고 스스로 이름을 지어 불렀다. 1977년 고속도로가 개통되고 얼마 안 있어 경남 창녕의 부곡온천이 전국적 관광지로 급부상했다. 관광객은 물론이고 부산`경남으로 출장 온 사람들도 현풍에 들러 할매곰탕을 찾았다.“조그만 시골식당 때문에 주말은 물론이고 평일에도 현풍읍내 도로가 마비될 지경이었습니다. 이제 현풍 곰탕의 명성은 명실상부한 전국구가 되었습니다.”◆원조논쟁, 종지부를 찍다현풍 박소선 할매집곰탕의 명성이 본격적으로 알려지기 시작한 1970년대 후반부터 유사한 상호의 식당이 전국 곳곳에 등장했다. 1980년대에는 그 정도가 더욱 극심해졌다. 현풍 출신 사람이 부산에서 ‘현풍할매곰탕’을 차리고 상표등록을 한 뒤, 현풍에 있는 원조 ‘현풍할매곰탕’의 간판을 내리라고 소송을 제기했다. 상표권 침해라는 것이었다. 어처구니가 없었지만 법은 법이었다. 소송은 대법원까지 이어졌고 1, 2, 3심 모두 차 원장 측이 이겼다. 대법원은 ‘현풍할매곰탕’의 이름을 같이 사용하라는 판결을 내렸다. ‘원조’에게 상표권 침해를 이유로 간판을 내리라고 할 수 없다는 취지였다.“동네 경로당 어르신들의 증언과 도움이 결정적이었습니다. 현풍에 있는 이 집이 진짜 원조집이라는 걸 증명하기 위해 어르신들이 앞장서 서명`날인하고 재판 자료로 제출했습니다.”그렇지만 차 원장은 판결에 만족할 수 없었다. ‘진짜’와 ‘가짜’가 같은 상호를 사용한다면 고객들에게 혼란을 줄 수 있었기 때문이었다.“이참에 아예 아무도 따라 할 수 없는 상호를 새로 만들자고 결심했습니다. 어머니의 사진과 이름을 상호에 직접 넣기로 한 것입니다. 이렇게 해서 1980년대 중반 ‘원조 현풍 박소선 할매집곰탕’으로 새롭게 태어났습니다.”박소선 여사는 1987년 별세했다. 숙환으로 병원에 입원하시면서 유언처럼 “손님들에게 잘해 드려라. 내가 눈을 감아도 여전히 너의 곁에 있을 것이다. 이렇게 화목하고 사랑스러운 아들`며느리를 더 이상 보지 못하는 것이 너무 아쉽다”는 말을 남겼다.이후 30년 동안 차 원장은 매일 아침 박카스와 판피린(감기약)을 들고 어머니의 사진이 모셔진 방을 찾아 문안을 드려왔다. 출장을 가는 날이면 아내와 자녀들이 대신했다. 박소선 여사는 평소 피곤하고 힘들 때 박카스와 판피린을 즐겨 드셨다. 보약이나 병원은 생각조차 하지 않으셨다. 독특한 아침 의례는 정성과 혼을 곰국에 담은 어머니 박소선 여사를 기리는 차 원장만의 마음 다짐인 셈이다.“‘손님들에게 잘해 드려라’ 어머니의 마지막 말씀을 지키는 것이 저의 사명입니다. 박소선 할매집곰탕의 비법이 뭐냐는 질문을 듣곤 하는데, 음식에 무슨 비법이라는 게 있다면 그것은 잘못된 것이라고 생각합니다. 좋은 재료를 사용해 정성껏 대량으로 고아내면 누구나 맛을 낼 수 있습니다. 하지만 그렇게 하면 경제성이 떨어집니다. 밑지는 장사가 되죠. 최고의 재료와 정성을 쏟으면서 적은 이윤으로도 박소선 할매집곰탕을 유지할 수 있는 것은 전국에서 먼 길을 찾아주시는 ‘손님들’ 덕분입니다. 대량으로 소비되지 않는다면 지금의 곰국 맛을 유지하기 어렵습니다. ‘손님에게 잘해 드려라’는 어머니 말씀이 비법이라면 비법이 될 수 있겠습니다. 그동안의 고객이 없었다면 지금의 박소선 할매집곰탕은 없었을 것입니다.”차 원장은 33년 전 달성문화원 창립 때부터 이사 등으로 활동하고, 17년 전 효경노인복지재단 설립에 참여해 지금까지 후원회장과 고문을 맡고 있다. 달성군새마을지회장 10년, 달성군생활체육회장 8년 등 40년이 넘도록 각종 지역사회 봉사활동에 적극적이다. ‘손님에게 잘해 드려라’는 어머니 박소선 여사의 가르침을 지키려는 노력의 일환이다. 달성 고향 분들이야말로 박소선 할매집곰탕의 오늘이 있도록 도와주신 최고의 VIP 고객이기 때문이다.ⓒ매일신문 - www.imaeil.com   ]",[],http://www.pckworld.com/news/articleView.html?idxno=75297,https://n.news.naver.com/mnews/article/088/0000513271?sid=102
2017.11.09.,CNB뉴스,,"부산시, 청년-어르신 쉐어하우스 '동거동락' 조성",,,http://www.cnbnews.com/news/article.html?no=360735,http://www.cnbnews.com
2017.11.09.,파이낸셜뉴스,,부산 청년·나홀로 어르신 한 지붕 아래 새 가족 된다,,,http://www.fnnews.com/news/201711090847237324,http://www.fnnews.com/
2017-11-09 09:24:46,신아일보,사회,"부산시, 청년쉐어 하우스 '동거동락 사업' 착수","[ - 부산시·(주)GS건설, 쉐어하우스 '동거동락' 조성 추진- 대학 주변 주거공간 여유 있는 어르신 집 수리..청년들에 시가 30%선 임대 부산지역 청년과 나홀로 어르신이 한 지붕 아래 새 가족이 된다.  9일 부산시와 (주)GS건설에 따르면 부산지역 청년과 나홀로 어르신을 연결해 새로운 가족관계를 형성하는 쉐어하우스 '동거동락(同居同樂)' 조성사업을 공동 추진한다.  GS건설 직원들이 직접 참여 의사를 밝혀 십시일반 모은 성금 5000만원과 시보조금 1000만원을 더해 총 6000만원으로 1차 시범사업이 추진된다.  최근 청년들은 계속되는 취업난과 주거비 등 생활비 부족으로 이중고에 시달리는 한편, 고령화 사회에 접어들면서 노인들의 고독사 문제와 노후된 주택의 임대소득 단절 등의 사회문제가 대두되고 있다.  이에 따라 부산시는 청년과 나홀로 어르신이 함께 사는 '주거 공유사업'을 통해 이러한 사회문제를 해결하고 삶에 활력을 높이는 모델을 만들겠다는 방침이다.  우선, 단독주택과 대학이 많은 부산지역 2~3개 자치구·군을 대상으로 내년 1월까지 쉐어하우스 5채 15호 정도를 조성해 시범 운영할 계획이다. 신청 수요와 운영 결과를 지켜본 후 계속 확대해 나가기로 했다.  집수리 신청 대상은 부산지역 거주 60세 이상의 주택 소유자로서, 1층 또는 2층 독채가 비어있는 쉐어하우스로 가능한 규모(방 2개 이상, 주방, 거실, 화장실)이면 신청 가능하다.  쉐어하우스 입주 인원과 집 상태를 감안해 1000~1500만원 내외로 벽지, 장판, 화장실, 싱크대 등 집수리와 냉장고, 세탁기, TV, 에어컨 등 공동생활집기도 원룸 수준으로 함께 지원된다.  안부 확인 등이 필요한 나홀로 어르신 세대를 우선적으로 선정한다. 10일부터 다음달 20일까지 쉐어하우스 집수리 지원 신청을 받아 내년 1월 리모델링 후 2월 입주를 목표로 하고 있다. 신청 접수는 한국공인중개사협회 부산시지부로 문의하면 된다. 부산시는 금정구 등 각 구·군 한국공인중개사협회 부산지부의 네트워크망을 활용해 쉐어하우스가 가능한 나홀로 어르신 주택 발굴에 나설 계획이다.  청년들의 쉐어하우스 입주 신청은 부산지역 대학생과 부산에 주소를 둔 취업준비생(18~29세)이면 된다. 간단한 자기소개서를 작성해 내년 1월 2일부터 26일까지 부산경제진흥원으로 신청이 가능하다. 신청자는 공동 관심사항과 마음이 맞는 세대원을 자율 구성해 입주 희망 주택을 현장투어 한 후 새로운 가족을 구성하는 자율성이 부여된다.  서병수 부산시장은 ""쉐어하우스 동거동락 조성사업을 통해 나홀로 어르신은 새로운 가족관계가 형성되고 장기간 공실로 방치된 주택은 임대수익 발생으로 경제적 자립이 가능해 질 것""이라며 ""청년들은 주거 비용 부담에서 벗어나 안정적인 취업 준비와 학업에 몰입할 수 있도록 지원하는 것이 이번 사업의 취지""라고 말했다.  서 시장은 “앞으로 부산지역 청년들이 어깨가 처지는 일이 없도록 다양한 청년정책으로 적극 지원하고 다함께 활기찬 행복도시를 만들기 위해 더욱 많은 노력을 기울이겠다""고 덧붙였다.   sr52@fnnews.com 강수련 기자   ▶ 세상의 모든 골 때리는 이야기 'fn파스'▶ 속보이는 연예뉴스 fn스타  ※ 저작권자 ⓒ  파이낸셜뉴스. 무단 전재-재배포 금지   ]",[],http://www.shinailbo.co.kr/news/articleView.html?idxno=1013161,https://n.news.naver.com/mnews/article/014/0003902843?sid=102
2017.11.08.,매일신문,,[매일 파워 인터뷰] '박소선 할매집곰탕' 대 이은 차준용·안경순 부부,,,http://www.imaeil.com/sub_news/sub_news_view.php?news_id=50209&yy=2017,http://www.shinailbo.co.kr/
2017.11.07.,경상매일신문,,"칠곡, 메마른 티조에 ‘꿈ㆍ희망’ 심다",,,http://www.ksmnews.co.kr/default/index_view_page.php?idx=189478&part_idx=7,http://www.imaeil.com/
2017-11-08 00:11:32,경북도민일보,사회,"칠곡군, 에티오피아 어린이들에게 희망 전하다","[     박소선 여사의 유일한 며느리 안경순 씨가 주방에서 곰국(곰탕)을 끓이고 있다. 박노익 대기자 noik@msnet.co.kr""'손님에게 잘해 드려라' 어머니 마지막 말씀 지키는 게 사명""[석민 선임기자 sukmin@msnet.co.kr] 2011년 3월 25일 달성문화원장 취임식장. 갑자기 장내가 숙연해지면서 묘한 긴장감이 흘렀다. 신임 원장 차준용(76) 씨가 자신의 아내 안경순(71) 씨에게 감사패를 전달하겠다는 깜짝 발표를 한 탓이다.“귀하는 지난 43년간 착한 며느리, 현명한 아내, 인자한 어머니로서 가정의 화목은 물론 우리 달성지역의 음식문화 향상 및 가업을 계승 발전시키는 데 헌신적인 사랑과 한결같은 마음으로 최선을 다해 주었기에 그 아름다운 덕을 치하하며 우리 지역민과 함께 나누고자 오늘같이 뜻깊은 자리에서 사랑과 감사의 정을 담아 이 패를 드립니다.”곧이어 우레와 같은 박수가 터져 나왔다. 어떤 쑥덕거림도 없었다. 이 감사패 전달식이 단순한 이벤트성 깜짝쇼가 아니라는 걸 달성 현풍 사람이라면 누구나 잘 알기 때문이었다.전국 3대 곰탕으로 꼽히는 ‘원조 현풍 박소선 할매집곰탕'(이하 박소선 할매집곰탕)이 80여 년의 역사를 이어올 수 있었던 것은 차준용 달성문화원장(현)의 어머니 고 박소선 여사의 음식에 대한 정성과 혼, 이를 제대로 이어받은 아내 안경순 씨의 순종, 그리고 남편 차 원장의 아내 사랑 덕분이었다.“무엇보다 다행스러운 것은 10여 년 전부터 아들`딸들이 할머니와 엄마, 아빠의 뒤를 잇겠다면서 식당 일에 적극 나선 것입니다. 저(차 원장)는 어떻게든 어머니의 정신과 혼이 담긴 곰국(원래는 곰탕이 아니라 곰국으로 불렸다. 할매곰탕이라는 이름은 외지 손님들이 붙여준 것이라고 설명했다)을 계승시켜야 한다고 했지만, 아내는 ‘뭣 하러 자식들을 그 고생시키느냐. 다른 걸 하게하자’고 주장했습니다. 사실 지금까지 아내의 고생을 생각해 보면 집사람의 주장에도 일리가 있었습니다.”박소선 여사의 정신과 혼을 이어받아 현풍 곰탕을 한국의 대표 음식 반열에 올린 차준용 달성문화원장 부부를 만나, 박소선 할매집곰탕에 얽힌 뒷이야기를 들어보았다.◆음식은 좋은 재료와 정성이다!차 원장은 1942년 추석에 태어났다. 그전에 어머니(박소선 여사)는 이미 달성 유가면에서 곰국 식당을 하고 있었다. 일제강점기 서민의 삶은 고단하기 그지없었다. 어머니의 친`인척들도 살기 위해 고향을 떠나 만주로, 일본으로 가야 했다. 차 원장은 아버지를 한 번도 보지 못했다. 홀로 남은 어머니는 어떻게 해서든 경제적 자립을 해야 했고, (차 원장의) 외할머니로부터 배우고 익힌 타고난 음식 솜씨가 유일한 생존 수단이었다.“내가 어렸을 적에 곰국은 아무나 먹을 수 있는 음식이 아니었습니다. 지역 유지나 관공서 직원 등이 특별한 날에 먹을 수 있는 고급음식이었죠. 손님들은 하얀 쌀밥에 곰국을 먹는데, 우리는 꽁보리밥으로 끼니를 때워야 했습니다. 쌀밥이 먹고 싶어 울고 불며 엄마를 조르던 일이 지금도 생생합니다.”곰국은 그때나 지금이나 원가가 많이 드는 음식이다. 좋은 재료를 엄선해 정성껏 만들다 보니 이윤이 많이 남지 않았다. 그때마다 어머니 박소선 여사는 “항상 최고의 재료와 최선의 정성으로 음식을 만들어 손님께 대접해야 한다. 우리 가족이 굶지 않고 살아갈 수 있어 감사할 뿐”이라고 말했다.그러나 곰국 식당은 오래가지 못했다. 해방과 6`25전쟁을 겪으면서 경제는 더욱 피폐해졌고, 곰국을 먹을 만한 형편이 되는 사람이 거의 없었기 때문이다. 그래서 6`25전쟁 이후 초가집을 마련해 밥집을 열었다. ‘할매집’ ‘일미식당’ ‘일미옥’ 등으로 불린 식당은 저렴한 한식 백반이 주요 메뉴였다. 비록 저가의 식단으로 바뀌었지만 ‘최고의 재료와 최선의 정성’이라는 박소선 여사의 원칙과 마음가짐은 변함이 없었다.“5`16 이후 인근에 달성경찰서가 생기면서 거의 전 직원이 우리 집에서 식사를 해결했습니다. 음식 맛이 좋기로 유명했죠. 전근 간 경찰관들이 전국 방방곡곡에서 가족들과 함께 다시 찾아오기도 했습니다. 자연스레 현풍의 숨은 맛집으로 소문이 났습니다.” ◆현풍의 맛집, 대박을 터트리다1960년대 말 차 원장은 안경순 씨와 결혼식을 올렸다. 이 당시 할매집 식당은 일을 돕는 종업원을 2, 3명 둘 정도로 자리를 잡았다. 하지만 ‘최고의 재료와 최선의 정성’이라는 박소선 여사의 원칙 탓에 별로 남는 게 없었다. 차 원장은 갓 결혼한 아내를 두고 서울로 돈벌이를 위해 떠나야 했다. 이때의 호텔 매니저 경험이 훗날 박소선 할매집곰탕의 경영에 큰 도움이 되었지만, 신혼부부의 생이별을 시어머니 박소선 여사는 가슴 아파했다.“요즘도 식당 일이 힘들다고 하는데, 그 당시와 비교하면 아무것도 아닙니다. 상수도가 없어 이웃에서 우물물을 길어 와야 했고, 밥과 국은 가마솥에 장작을 때 지어야 했습니다. 음식 재료를 신선하게 보관할 냉장시설도 전혀 없었습니다.”며느리 안경순 씨는 “안 그래도 바쁘고 힘들어 죽을 지경인데, 시어머니는 반찬이나 음식을 할 때에 꼭 나를 불러 하나하나 엄격하게 시키셨다”며 “‘왜 이렇게까지 하실까’ 하는 마음이 없진 않았지만 순종하는 마음으로 따랐다”고 했다. 훗날 시어머니 박소선 여사가 “주인이 음식을 제대로 할 줄 알아야지. 안 그러면 종업원들에게 끌려다니게 된다”고 귀띔을 해주실 때 비로소 그 깊은 뜻을 알게 됐다.박소선 여사에게 며느리 안경순 씨는 “착한, 우리 복덩이!”였다. 시집 온 뒤로 장사가 더 잘 될 뿐만 아니라, 구마고속도로(현 중부내륙고속도로) 현풍 구간 공사가 시작된 것이었다. 주위에 식당이 별로 없는데다, 현풍 맛집으로 소문난 만큼 공사 현장 임직원들의 단골식당이 되었다. 주메뉴는 여전히 한식 백반이었다. 곰국은 명절 때 가족들이 먹기 위해 끓였다. 어쩌다 곰국을 맛본 단골손님들은 찬사를 쏟아냈다. 회식 때 단골메뉴였던 닭찜 대신에 곰국과 수육을 만들어 달라는 요구가 이어졌다. 하마터면 여기서 멈출 뻔했다.다행히 세상의 변화를 차 원장이 먼저 알아차렸다.“어무이, 우리 곰국을 다시 시작합시더!”“도대체 뭔 소리 하노, 곰국 먹을 사람이 몇이나 된다꼬?”“아닙니더. 세상이 달라졌심더. 고속도로 공사로 돈도 돌고, 사람들이 몰려오고 있심더.”차 원장의 집요한 설득으로 박소선 여사는 곰국을 다시 시작했다. 대히트였다. 고객은 주로 외지 사람들이었다. 지역 주민들이 일상적으로 먹기에 곰국은 여전히 너무 비싼 음식이었다. 곰국을 모르고, 곰탕에 익숙한 외지 사람들은 ‘현풍할매곰탕’이라고 스스로 이름을 지어 불렀다. 1977년 고속도로가 개통되고 얼마 안 있어 경남 창녕의 부곡온천이 전국적 관광지로 급부상했다. 관광객은 물론이고 부산`경남으로 출장 온 사람들도 현풍에 들러 할매곰탕을 찾았다.“조그만 시골식당 때문에 주말은 물론이고 평일에도 현풍읍내 도로가 마비될 지경이었습니다. 이제 현풍 곰탕의 명성은 명실상부한 전국구가 되었습니다.”◆원조논쟁, 종지부를 찍다현풍 박소선 할매집곰탕의 명성이 본격적으로 알려지기 시작한 1970년대 후반부터 유사한 상호의 식당이 전국 곳곳에 등장했다. 1980년대에는 그 정도가 더욱 극심해졌다. 현풍 출신 사람이 부산에서 ‘현풍할매곰탕’을 차리고 상표등록을 한 뒤, 현풍에 있는 원조 ‘현풍할매곰탕’의 간판을 내리라고 소송을 제기했다. 상표권 침해라는 것이었다. 어처구니가 없었지만 법은 법이었다. 소송은 대법원까지 이어졌고 1, 2, 3심 모두 차 원장 측이 이겼다. 대법원은 ‘현풍할매곰탕’의 이름을 같이 사용하라는 판결을 내렸다. ‘원조’에게 상표권 침해를 이유로 간판을 내리라고 할 수 없다는 취지였다.“동네 경로당 어르신들의 증언과 도움이 결정적이었습니다. 현풍에 있는 이 집이 진짜 원조집이라는 걸 증명하기 위해 어르신들이 앞장서 서명`날인하고 재판 자료로 제출했습니다.”그렇지만 차 원장은 판결에 만족할 수 없었다. ‘진짜’와 ‘가짜’가 같은 상호를 사용한다면 고객들에게 혼란을 줄 수 있었기 때문이었다.“이참에 아예 아무도 따라 할 수 없는 상호를 새로 만들자고 결심했습니다. 어머니의 사진과 이름을 상호에 직접 넣기로 한 것입니다. 이렇게 해서 1980년대 중반 ‘원조 현풍 박소선 할매집곰탕’으로 새롭게 태어났습니다.”박소선 여사는 1987년 별세했다. 숙환으로 병원에 입원하시면서 유언처럼 “손님들에게 잘해 드려라. 내가 눈을 감아도 여전히 너의 곁에 있을 것이다. 이렇게 화목하고 사랑스러운 아들`며느리를 더 이상 보지 못하는 것이 너무 아쉽다”는 말을 남겼다.이후 30년 동안 차 원장은 매일 아침 박카스와 판피린(감기약)을 들고 어머니의 사진이 모셔진 방을 찾아 문안을 드려왔다. 출장을 가는 날이면 아내와 자녀들이 대신했다. 박소선 여사는 평소 피곤하고 힘들 때 박카스와 판피린을 즐겨 드셨다. 보약이나 병원은 생각조차 하지 않으셨다. 독특한 아침 의례는 정성과 혼을 곰국에 담은 어머니 박소선 여사를 기리는 차 원장만의 마음 다짐인 셈이다.“‘손님들에게 잘해 드려라’ 어머니의 마지막 말씀을 지키는 것이 저의 사명입니다. 박소선 할매집곰탕의 비법이 뭐냐는 질문을 듣곤 하는데, 음식에 무슨 비법이라는 게 있다면 그것은 잘못된 것이라고 생각합니다. 좋은 재료를 사용해 정성껏 대량으로 고아내면 누구나 맛을 낼 수 있습니다. 하지만 그렇게 하면 경제성이 떨어집니다. 밑지는 장사가 되죠. 최고의 재료와 정성을 쏟으면서 적은 이윤으로도 박소선 할매집곰탕을 유지할 수 있는 것은 전국에서 먼 길을 찾아주시는 ‘손님들’ 덕분입니다. 대량으로 소비되지 않는다면 지금의 곰국 맛을 유지하기 어렵습니다. ‘손님에게 잘해 드려라’는 어머니 말씀이 비법이라면 비법이 될 수 있겠습니다. 그동안의 고객이 없었다면 지금의 박소선 할매집곰탕은 없었을 것입니다.”차 원장은 33년 전 달성문화원 창립 때부터 이사 등으로 활동하고, 17년 전 효경노인복지재단 설립에 참여해 지금까지 후원회장과 고문을 맡고 있다. 달성군새마을지회장 10년, 달성군생활체육회장 8년 등 40년이 넘도록 각종 지역사회 봉사활동에 적극적이다. ‘손님에게 잘해 드려라’는 어머니 박소선 여사의 가르침을 지키려는 노력의 일환이다. 달성 고향 분들이야말로 박소선 할매집곰탕의 오늘이 있도록 도와주신 최고의 VIP 고객이기 때문이다.ⓒ매일신문 - www.imaeil.com   ]",[],http://www.hidomin.com/news/articleView.html?idxno=342406,https://n.news.naver.com/mnews/article/088/0000513271?sid=102
2017.11.06.,한국기독공보,,성도 10명 교회가 사라지는 마을 살린다,,,http://www.pckworld.com/news/articleView.html?idxno=75297,http://www.ksmnews.co.kr
2017.11.06.,국제뉴스,,"칠곡군, 에티오피아 '디겔루나 티조'에 희망을 심다",,,http://www.gukjenews.com/news/articleView.html?idxno=816194,http://www.hidomin.com
2017.11.05.,매일일보,,"칠곡군, 에티오피아 '디겔루나 티조'에 희망을 심다",,,http://www.m-i.kr/news/articleView.html?idxno=356458,http://www.pckworld.com
2017.11.05.,경북신문,,"칠곡군, 메마른 `티조`에 꿈과 희망을 심다",,,http://www.kbsm.net/default/index_view_page.php?idx=189947,http://www.gukjenews.com/
2017.11.09.,파이낸셜뉴스,,부산 청년·나홀로 어르신 한 지붕 아래 새 가족 된다,,,http://www.fnnews.com/news/201711090847237324,http://www.fnnews.com/
2017-11-09 09:24:46,Tomorrow,사회,색다른 쉐어하우스 '동거동락' 화제,"[ - 부산시·(주)GS건설, 쉐어하우스 '동거동락' 조성 추진- 대학 주변 주거공간 여유 있는 어르신 집 수리..청년들에 시가 30%선 임대 부산지역 청년과 나홀로 어르신이 한 지붕 아래 새 가족이 된다.  9일 부산시와 (주)GS건설에 따르면 부산지역 청년과 나홀로 어르신을 연결해 새로운 가족관계를 형성하는 쉐어하우스 '동거동락(同居同樂)' 조성사업을 공동 추진한다.  GS건설 직원들이 직접 참여 의사를 밝혀 십시일반 모은 성금 5000만원과 시보조금 1000만원을 더해 총 6000만원으로 1차 시범사업이 추진된다.  최근 청년들은 계속되는 취업난과 주거비 등 생활비 부족으로 이중고에 시달리는 한편, 고령화 사회에 접어들면서 노인들의 고독사 문제와 노후된 주택의 임대소득 단절 등의 사회문제가 대두되고 있다.  이에 따라 부산시는 청년과 나홀로 어르신이 함께 사는 '주거 공유사업'을 통해 이러한 사회문제를 해결하고 삶에 활력을 높이는 모델을 만들겠다는 방침이다.  우선, 단독주택과 대학이 많은 부산지역 2~3개 자치구·군을 대상으로 내년 1월까지 쉐어하우스 5채 15호 정도를 조성해 시범 운영할 계획이다. 신청 수요와 운영 결과를 지켜본 후 계속 확대해 나가기로 했다.  집수리 신청 대상은 부산지역 거주 60세 이상의 주택 소유자로서, 1층 또는 2층 독채가 비어있는 쉐어하우스로 가능한 규모(방 2개 이상, 주방, 거실, 화장실)이면 신청 가능하다.  쉐어하우스 입주 인원과 집 상태를 감안해 1000~1500만원 내외로 벽지, 장판, 화장실, 싱크대 등 집수리와 냉장고, 세탁기, TV, 에어컨 등 공동생활집기도 원룸 수준으로 함께 지원된다.  안부 확인 등이 필요한 나홀로 어르신 세대를 우선적으로 선정한다. 10일부터 다음달 20일까지 쉐어하우스 집수리 지원 신청을 받아 내년 1월 리모델링 후 2월 입주를 목표로 하고 있다. 신청 접수는 한국공인중개사협회 부산시지부로 문의하면 된다. 부산시는 금정구 등 각 구·군 한국공인중개사협회 부산지부의 네트워크망을 활용해 쉐어하우스가 가능한 나홀로 어르신 주택 발굴에 나설 계획이다.  청년들의 쉐어하우스 입주 신청은 부산지역 대학생과 부산에 주소를 둔 취업준비생(18~29세)이면 된다. 간단한 자기소개서를 작성해 내년 1월 2일부터 26일까지 부산경제진흥원으로 신청이 가능하다. 신청자는 공동 관심사항과 마음이 맞는 세대원을 자율 구성해 입주 희망 주택을 현장투어 한 후 새로운 가족을 구성하는 자율성이 부여된다.  서병수 부산시장은 ""쉐어하우스 동거동락 조성사업을 통해 나홀로 어르신은 새로운 가족관계가 형성되고 장기간 공실로 방치된 주택은 임대수익 발생으로 경제적 자립이 가능해 질 것""이라며 ""청년들은 주거 비용 부담에서 벗어나 안정적인 취업 준비와 학업에 몰입할 수 있도록 지원하는 것이 이번 사업의 취지""라고 말했다.  서 시장은 “앞으로 부산지역 청년들이 어깨가 처지는 일이 없도록 다양한 청년정책으로 적극 지원하고 다함께 활기찬 행복도시를 만들기 위해 더욱 많은 노력을 기울이겠다""고 덧붙였다.   sr52@fnnews.com 강수련 기자   ▶ 세상의 모든 골 때리는 이야기 'fn파스'▶ 속보이는 연예뉴스 fn스타  ※ 저작권자 ⓒ  파이낸셜뉴스. 무단 전재-재배포 금지   ]",[],http://www.dailytw.kr/news/articleView.html?idxno=16573,https://n.news.naver.com/mnews/article/014/0003902843?sid=102
2017.11.09.,신아일보,,"부산시, 청년쉐어 하우스 '동거동락 사업' 착수",,,http://www.shinailbo.co.kr/news/articleView.html?idxno=1013161,http://www.dailytw.kr/
2017.11.08.,매일신문,,[매일 파워 인터뷰] '박소선 할매집곰탕' 대 이은 차준용·안경순 부부,,,http://www.imaeil.com/sub_news/sub_news_view.php?news_id=50209&yy=2017,http://www.shinailbo.co.kr/
2017.11.07.,경상매일신문,,"칠곡, 메마른 티조에 ‘꿈ㆍ희망’ 심다",,,http://www.ksmnews.co.kr/default/index_view_page.php?idx=189478&part_idx=7,http://www.imaeil.com/
2017-11-08 00:11:32,경북도민일보,사회,"칠곡군, 에티오피아 어린이들에게 희망 전하다","[     박소선 여사의 유일한 며느리 안경순 씨가 주방에서 곰국(곰탕)을 끓이고 있다. 박노익 대기자 noik@msnet.co.kr""'손님에게 잘해 드려라' 어머니 마지막 말씀 지키는 게 사명""[석민 선임기자 sukmin@msnet.co.kr] 2011년 3월 25일 달성문화원장 취임식장. 갑자기 장내가 숙연해지면서 묘한 긴장감이 흘렀다. 신임 원장 차준용(76) 씨가 자신의 아내 안경순(71) 씨에게 감사패를 전달하겠다는 깜짝 발표를 한 탓이다.“귀하는 지난 43년간 착한 며느리, 현명한 아내, 인자한 어머니로서 가정의 화목은 물론 우리 달성지역의 음식문화 향상 및 가업을 계승 발전시키는 데 헌신적인 사랑과 한결같은 마음으로 최선을 다해 주었기에 그 아름다운 덕을 치하하며 우리 지역민과 함께 나누고자 오늘같이 뜻깊은 자리에서 사랑과 감사의 정을 담아 이 패를 드립니다.”곧이어 우레와 같은 박수가 터져 나왔다. 어떤 쑥덕거림도 없었다. 이 감사패 전달식이 단순한 이벤트성 깜짝쇼가 아니라는 걸 달성 현풍 사람이라면 누구나 잘 알기 때문이었다.전국 3대 곰탕으로 꼽히는 ‘원조 현풍 박소선 할매집곰탕'(이하 박소선 할매집곰탕)이 80여 년의 역사를 이어올 수 있었던 것은 차준용 달성문화원장(현)의 어머니 고 박소선 여사의 음식에 대한 정성과 혼, 이를 제대로 이어받은 아내 안경순 씨의 순종, 그리고 남편 차 원장의 아내 사랑 덕분이었다.“무엇보다 다행스러운 것은 10여 년 전부터 아들`딸들이 할머니와 엄마, 아빠의 뒤를 잇겠다면서 식당 일에 적극 나선 것입니다. 저(차 원장)는 어떻게든 어머니의 정신과 혼이 담긴 곰국(원래는 곰탕이 아니라 곰국으로 불렸다. 할매곰탕이라는 이름은 외지 손님들이 붙여준 것이라고 설명했다)을 계승시켜야 한다고 했지만, 아내는 ‘뭣 하러 자식들을 그 고생시키느냐. 다른 걸 하게하자’고 주장했습니다. 사실 지금까지 아내의 고생을 생각해 보면 집사람의 주장에도 일리가 있었습니다.”박소선 여사의 정신과 혼을 이어받아 현풍 곰탕을 한국의 대표 음식 반열에 올린 차준용 달성문화원장 부부를 만나, 박소선 할매집곰탕에 얽힌 뒷이야기를 들어보았다.◆음식은 좋은 재료와 정성이다!차 원장은 1942년 추석에 태어났다. 그전에 어머니(박소선 여사)는 이미 달성 유가면에서 곰국 식당을 하고 있었다. 일제강점기 서민의 삶은 고단하기 그지없었다. 어머니의 친`인척들도 살기 위해 고향을 떠나 만주로, 일본으로 가야 했다. 차 원장은 아버지를 한 번도 보지 못했다. 홀로 남은 어머니는 어떻게 해서든 경제적 자립을 해야 했고, (차 원장의) 외할머니로부터 배우고 익힌 타고난 음식 솜씨가 유일한 생존 수단이었다.“내가 어렸을 적에 곰국은 아무나 먹을 수 있는 음식이 아니었습니다. 지역 유지나 관공서 직원 등이 특별한 날에 먹을 수 있는 고급음식이었죠. 손님들은 하얀 쌀밥에 곰국을 먹는데, 우리는 꽁보리밥으로 끼니를 때워야 했습니다. 쌀밥이 먹고 싶어 울고 불며 엄마를 조르던 일이 지금도 생생합니다.”곰국은 그때나 지금이나 원가가 많이 드는 음식이다. 좋은 재료를 엄선해 정성껏 만들다 보니 이윤이 많이 남지 않았다. 그때마다 어머니 박소선 여사는 “항상 최고의 재료와 최선의 정성으로 음식을 만들어 손님께 대접해야 한다. 우리 가족이 굶지 않고 살아갈 수 있어 감사할 뿐”이라고 말했다.그러나 곰국 식당은 오래가지 못했다. 해방과 6`25전쟁을 겪으면서 경제는 더욱 피폐해졌고, 곰국을 먹을 만한 형편이 되는 사람이 거의 없었기 때문이다. 그래서 6`25전쟁 이후 초가집을 마련해 밥집을 열었다. ‘할매집’ ‘일미식당’ ‘일미옥’ 등으로 불린 식당은 저렴한 한식 백반이 주요 메뉴였다. 비록 저가의 식단으로 바뀌었지만 ‘최고의 재료와 최선의 정성’이라는 박소선 여사의 원칙과 마음가짐은 변함이 없었다.“5`16 이후 인근에 달성경찰서가 생기면서 거의 전 직원이 우리 집에서 식사를 해결했습니다. 음식 맛이 좋기로 유명했죠. 전근 간 경찰관들이 전국 방방곡곡에서 가족들과 함께 다시 찾아오기도 했습니다. 자연스레 현풍의 숨은 맛집으로 소문이 났습니다.” ◆현풍의 맛집, 대박을 터트리다1960년대 말 차 원장은 안경순 씨와 결혼식을 올렸다. 이 당시 할매집 식당은 일을 돕는 종업원을 2, 3명 둘 정도로 자리를 잡았다. 하지만 ‘최고의 재료와 최선의 정성’이라는 박소선 여사의 원칙 탓에 별로 남는 게 없었다. 차 원장은 갓 결혼한 아내를 두고 서울로 돈벌이를 위해 떠나야 했다. 이때의 호텔 매니저 경험이 훗날 박소선 할매집곰탕의 경영에 큰 도움이 되었지만, 신혼부부의 생이별을 시어머니 박소선 여사는 가슴 아파했다.“요즘도 식당 일이 힘들다고 하는데, 그 당시와 비교하면 아무것도 아닙니다. 상수도가 없어 이웃에서 우물물을 길어 와야 했고, 밥과 국은 가마솥에 장작을 때 지어야 했습니다. 음식 재료를 신선하게 보관할 냉장시설도 전혀 없었습니다.”며느리 안경순 씨는 “안 그래도 바쁘고 힘들어 죽을 지경인데, 시어머니는 반찬이나 음식을 할 때에 꼭 나를 불러 하나하나 엄격하게 시키셨다”며 “‘왜 이렇게까지 하실까’ 하는 마음이 없진 않았지만 순종하는 마음으로 따랐다”고 했다. 훗날 시어머니 박소선 여사가 “주인이 음식을 제대로 할 줄 알아야지. 안 그러면 종업원들에게 끌려다니게 된다”고 귀띔을 해주실 때 비로소 그 깊은 뜻을 알게 됐다.박소선 여사에게 며느리 안경순 씨는 “착한, 우리 복덩이!”였다. 시집 온 뒤로 장사가 더 잘 될 뿐만 아니라, 구마고속도로(현 중부내륙고속도로) 현풍 구간 공사가 시작된 것이었다. 주위에 식당이 별로 없는데다, 현풍 맛집으로 소문난 만큼 공사 현장 임직원들의 단골식당이 되었다. 주메뉴는 여전히 한식 백반이었다. 곰국은 명절 때 가족들이 먹기 위해 끓였다. 어쩌다 곰국을 맛본 단골손님들은 찬사를 쏟아냈다. 회식 때 단골메뉴였던 닭찜 대신에 곰국과 수육을 만들어 달라는 요구가 이어졌다. 하마터면 여기서 멈출 뻔했다.다행히 세상의 변화를 차 원장이 먼저 알아차렸다.“어무이, 우리 곰국을 다시 시작합시더!”“도대체 뭔 소리 하노, 곰국 먹을 사람이 몇이나 된다꼬?”“아닙니더. 세상이 달라졌심더. 고속도로 공사로 돈도 돌고, 사람들이 몰려오고 있심더.”차 원장의 집요한 설득으로 박소선 여사는 곰국을 다시 시작했다. 대히트였다. 고객은 주로 외지 사람들이었다. 지역 주민들이 일상적으로 먹기에 곰국은 여전히 너무 비싼 음식이었다. 곰국을 모르고, 곰탕에 익숙한 외지 사람들은 ‘현풍할매곰탕’이라고 스스로 이름을 지어 불렀다. 1977년 고속도로가 개통되고 얼마 안 있어 경남 창녕의 부곡온천이 전국적 관광지로 급부상했다. 관광객은 물론이고 부산`경남으로 출장 온 사람들도 현풍에 들러 할매곰탕을 찾았다.“조그만 시골식당 때문에 주말은 물론이고 평일에도 현풍읍내 도로가 마비될 지경이었습니다. 이제 현풍 곰탕의 명성은 명실상부한 전국구가 되었습니다.”◆원조논쟁, 종지부를 찍다현풍 박소선 할매집곰탕의 명성이 본격적으로 알려지기 시작한 1970년대 후반부터 유사한 상호의 식당이 전국 곳곳에 등장했다. 1980년대에는 그 정도가 더욱 극심해졌다. 현풍 출신 사람이 부산에서 ‘현풍할매곰탕’을 차리고 상표등록을 한 뒤, 현풍에 있는 원조 ‘현풍할매곰탕’의 간판을 내리라고 소송을 제기했다. 상표권 침해라는 것이었다. 어처구니가 없었지만 법은 법이었다. 소송은 대법원까지 이어졌고 1, 2, 3심 모두 차 원장 측이 이겼다. 대법원은 ‘현풍할매곰탕’의 이름을 같이 사용하라는 판결을 내렸다. ‘원조’에게 상표권 침해를 이유로 간판을 내리라고 할 수 없다는 취지였다.“동네 경로당 어르신들의 증언과 도움이 결정적이었습니다. 현풍에 있는 이 집이 진짜 원조집이라는 걸 증명하기 위해 어르신들이 앞장서 서명`날인하고 재판 자료로 제출했습니다.”그렇지만 차 원장은 판결에 만족할 수 없었다. ‘진짜’와 ‘가짜’가 같은 상호를 사용한다면 고객들에게 혼란을 줄 수 있었기 때문이었다.“이참에 아예 아무도 따라 할 수 없는 상호를 새로 만들자고 결심했습니다. 어머니의 사진과 이름을 상호에 직접 넣기로 한 것입니다. 이렇게 해서 1980년대 중반 ‘원조 현풍 박소선 할매집곰탕’으로 새롭게 태어났습니다.”박소선 여사는 1987년 별세했다. 숙환으로 병원에 입원하시면서 유언처럼 “손님들에게 잘해 드려라. 내가 눈을 감아도 여전히 너의 곁에 있을 것이다. 이렇게 화목하고 사랑스러운 아들`며느리를 더 이상 보지 못하는 것이 너무 아쉽다”는 말을 남겼다.이후 30년 동안 차 원장은 매일 아침 박카스와 판피린(감기약)을 들고 어머니의 사진이 모셔진 방을 찾아 문안을 드려왔다. 출장을 가는 날이면 아내와 자녀들이 대신했다. 박소선 여사는 평소 피곤하고 힘들 때 박카스와 판피린을 즐겨 드셨다. 보약이나 병원은 생각조차 하지 않으셨다. 독특한 아침 의례는 정성과 혼을 곰국에 담은 어머니 박소선 여사를 기리는 차 원장만의 마음 다짐인 셈이다.“‘손님들에게 잘해 드려라’ 어머니의 마지막 말씀을 지키는 것이 저의 사명입니다. 박소선 할매집곰탕의 비법이 뭐냐는 질문을 듣곤 하는데, 음식에 무슨 비법이라는 게 있다면 그것은 잘못된 것이라고 생각합니다. 좋은 재료를 사용해 정성껏 대량으로 고아내면 누구나 맛을 낼 수 있습니다. 하지만 그렇게 하면 경제성이 떨어집니다. 밑지는 장사가 되죠. 최고의 재료와 정성을 쏟으면서 적은 이윤으로도 박소선 할매집곰탕을 유지할 수 있는 것은 전국에서 먼 길을 찾아주시는 ‘손님들’ 덕분입니다. 대량으로 소비되지 않는다면 지금의 곰국 맛을 유지하기 어렵습니다. ‘손님에게 잘해 드려라’는 어머니 말씀이 비법이라면 비법이 될 수 있겠습니다. 그동안의 고객이 없었다면 지금의 박소선 할매집곰탕은 없었을 것입니다.”차 원장은 33년 전 달성문화원 창립 때부터 이사 등으로 활동하고, 17년 전 효경노인복지재단 설립에 참여해 지금까지 후원회장과 고문을 맡고 있다. 달성군새마을지회장 10년, 달성군생활체육회장 8년 등 40년이 넘도록 각종 지역사회 봉사활동에 적극적이다. ‘손님에게 잘해 드려라’는 어머니 박소선 여사의 가르침을 지키려는 노력의 일환이다. 달성 고향 분들이야말로 박소선 할매집곰탕의 오늘이 있도록 도와주신 최고의 VIP 고객이기 때문이다.ⓒ매일신문 - www.imaeil.com   ]",[],http://www.hidomin.com/news/articleView.html?idxno=342406,https://n.news.naver.com/mnews/article/088/0000513271?sid=102
2017.11.06.,한국기독공보,,성도 10명 교회가 사라지는 마을 살린다,,,http://www.pckworld.com/news/articleView.html?idxno=75297,http://www.ksmnews.co.kr
2017.11.06.,국제뉴스,,"칠곡군, 에티오피아 '디겔루나 티조'에 희망을 심다",,,http://www.gukjenews.com/news/articleView.html?idxno=816194,http://www.hidomin.com
2017.11.05.,매일일보,,"칠곡군, 에티오피아 '디겔루나 티조'에 희망을 심다",,,http://www.m-i.kr/news/articleView.html?idxno=356458,http://www.pckworld.com
2017.11.05.,경북신문,,"칠곡군, 메마른 `티조`에 꿈과 희망을 심다",,,http://www.kbsm.net/default/index_view_page.php?idx=189947,http://www.gukjenews.com/
2017.11.05.,매일일보,,"칠곡군, 에티오피아 '디겔루나 티조'에 희망을 심다",,,http://www.m-i.kr/news/articleView.html?idxno=356458,http://www.m-i.kr
2017.11.05.,경북신문,,"칠곡군, 메마른 `티조`에 꿈과 희망을 심다",,,http://www.kbsm.net/default/index_view_page.php?idx=189947,http://www.kbsm.net
