Date,Press,Category,Title,Content,Comment,URL_Origin,URL_Naver
2023.02.20.,뉴스톱,,"[팩트체크] 블라우스 17억, 캣타워 20억?... 오픈마켓에서 이뤄지는 '편법'",,,http://www.newstof.com/news/articleView.html?idxno=13011,http://www.newstof.com
2023.02.07.,매일경제언론사 선정,,아들 주려고 중국 온라인몰서 에어팟 샀는데 “어머머”,,,https://www.mk.co.kr/article/10634791,http://www.mk.co.kr/
2023.02.13.,한국금융신문,생활/문화,“국내는 좁다”…해외로 확장하는 핀테크사,"[      [사진 = 연합뉴스]20대 김지웅 씨(가명)는 중국 온라인 쇼핑몰 알리익스프레스에서 삼성전자의 블루투스 이어폰 ‘갤럭시버즈플러스’ 모델을 8만원대에 구매했다. 두 달이 지나서 도착한 제품은 삼성의 이어폰 앱과 연동되지 않은 짝퉁이었다. 김 씨는 “17만원 대 제품을 싸게 득템했다고 생각했는데, 도저히 듣지 못할 음질의 짝퉁 제품을 받았다”며 “삼성 로고가 찍힌 박스 안에 제품 모양까지 모든 게 삼성 제품이었는데 황당했다”고 밝혔다.7일 업계에 따르면 알리익스프레스, 타오바오 등 중국 대표 온라인몰에서 여전히 다량의 가품이 유통되고 있는 것으로 나타났다. 미국 무역대표부(USTR)도 지난달 31일(현지시각) ‘악명 높은 시장’ 보고서를 통해 알리익스프레스, 타오바오, 위챗, 바이두 왕판, DH게이트, 핀두오두오 등 중국에 본사를 둔 전자상거래 업체를 위조품 유통처로 지목했다.실제로 유통업계에서는 중국 온라인몰에서는 10만원 이상의 제품 중에 가품 비율이 압도적으로 높다고 지적했다. 언제 고장나도 이상하지 않을 가격의 저렴한 제품을 제외하고는 큰 돈 들였다가 피해보는 사례가 많다는 얘기다.한달에 4차례 이상 중국 온라인몰에서 상품을 구매하는 해외직구족 유영준 씨(가명)도 “요새도 짝퉁 상품이 버젓이 올라와 있다. 10만원 이상 제품은 눈길을 안주고 고장나도 버리면 그만인 제품만 사는 게 유일한 구매 꿀팁”이라며 “스마트폰 커버, 거치대 등 저렴한데 배송이 빨리 오지 않아도 무관한 상품을 큰 고민없이 사는 편”이라고 설명했다.업계에 따르면 알리익스프레스 기준 평택항을 통해 가장 많이 들어오는 물량만 일일 20만건에 달한다. 다만 평택항에서 상품을 검수하는 엑스레이(X-ray) 검색기는 6대 뿐이다. 업계 관계자는 “5~6만원짜리 나이키 운동화가 들어왔을 때 세관에서 일일이 뜯어볼 여유가 사실상 없는 경우가 많다”며 “고객이 가품인 것을 확인해도 해당 플랫폼에 문제제기를 할 수밖에 없는데 빠른 답변이 오지도 않는다”고 지적했다.가품의 60%는 나이키, 뉴발란스 등 유명 패션 브랜드 상품으로 전해졌다. 나머지 20~25%는 애플 이어폰, 마샬 스피커 등 전자제품이 차지한다고 한다. 전문가들은 가품에 속지 않는 방법에 대해 “전자제품은 특히 애플 브랜드 상품이 짝퉁이 많다”며 “애플의 이름을 달고 있는데, 가격이 정가에 비해 말도 안 되게 저렴한 제품이 있다. 그런 애들은 통상 100% 가품이라고 보면 된다”고 설명했다.해외직구임에도 배송비가 없고 가격이 저렴해 소비자들의 눈길을 끌지만, 고가 상품을 선뜻 구매하는 것을 주의하라고 했다. 더구나 일반 개인이 구매하는 상품에 대해서는 안전 상품임을 인증하는 KC인증이 없더라도 한국에 들어올 수 있다는 점에서, 한국에서 구매할 수 있으니 안전한 상품일 것이라고 판단하는 것은 섣부르다고 꼬집기도 했다. ]","['중국을믿고 싸다 구입했음???? 에~~~효', '중국산 중에 진품은 ‘중국 우한 코로나’ 단 하나뿐임', '', '', '지구상에 중국이란 나라가 없어져야한다...\n엤날 한국도 가품이 많았지만..\n지금 하는 이따위 가짜는 아니었다...', '설마 모르고 알리하는건 아닐텐데 ㅎ 짝퉁 확률이 높지', '싸고 좋은걸 찾아서? 선택은 본인이~ 후회도...', '생각을 한번 더 해보면 중국이 더 쌀 이유가 없다는걸 알수 있지 않았을까? 중국을 믿다니', '고만고만한거만사는거다 알리는', '계란도 가짜를 만드는 나라제품을 왜 믿고 사신겁니까? 안타깝습니다', '알리에서 왜 삼성꺼를 사지?? ㅋㅋㅋㅋㅋㅋㅋㅋㅋㅋ', '왜사냐? 돈좀 더보태 국내서사지 싸든 비싸든 짝퉁이랑 확률이 높은데 사는 인간들. . . 참. . .', '', '알리에서 브랜드 전자제품을 사는건 미친짓이다', '중국에 있는것들은 다  짝퉁인데 거참 아직도 \n모르는 사람들이 있네\n사람부터 가축까지 다  짝퉁이랍니다\n짝퉁 인간들이 만드는데 뭘 잘하겠어', '나도 진짜 혹시나 싶어 속는샘치고 맥스97사봤지 . 아니나 다를까 얼마안가 비새고 밑창떨어짐 ㅋㅋ 심지어 와이프꺼는 두켤레 앞뒤 길이도 맞지않음 ㅎㅎ', '', '중국은 쌀 야채 고기나 싸지..그외 대형 해외브랜드는 오히려 더 비싸게 판다..중국내에서도 비싸게 파는걸 해외 직구로 싸게 넘긴다고?? ㅋㅋ', '저는요. 알리익스프레스에서 블루투스 이어폰은 세번 정도 샀지요; 근데 평균 두 달을  못 쓴 것 같음. 왜냐! 분실해서. ㅋ 말인즉 듣는데는 전혀 지장이 없었어요. 가격은 한 개당 9천원 정도. 결론)블루투스 이어폰을 사고는 싶지만 분실할 것이 뻔하기 때문에 이제 블루투스 이어폰은 더 이상 사지 않고 다이소에서 파는 5천원짜리 이어폰을 쓰지요. 끝 추가)레노보 p12 를 본체+ 케이스(필름포함) + 펜에 16만원 대를 기다리고 있어요. ㅋ', '알리에 정품이 있을거라 생각하다니… 요즘 아해들은 순진하구먼', '', '알리에선 전자제품 사는거 아님 생활용품이나 취미용품정도만 사면 된다', '', '너무 싼것은 의심해 봐야 한다니까', '븅 ..... 이런게 진짜 븅 .. ㅋㅋㅋㅋㅋㅋㅋㅋㅋㅋㅋㅋ 왜사냐', '', '중국에서 진짜는 중국인이랑 코로나뿐이다.', '중국 짝퉁에 맛들이면 제대로된 정품 절대 못산다.', '나도 유튜브 광고 보다가 옷 샀는데... 세줄 아디다스로 선전... ㅋㅋㅋㅋㅋ. 세줄은 아주 길게 좌ㅡ악 있는데 짝퉁. 품질은 시장 1만원 짜리도 안됨. 입고 나가면 왠 거지? 헐 정도. 홈피 저장해놧는데 연결 안됨. 다 가짜임. 중국? 홍콩? 뭐 이제 홍콩도 뙛놈들로 가득하니 다 가짜로 보면됨. 혹시나? 그냥 역시나.', '중국것들아 삼성도 니들거라고 안우기냐?', '', '니들이 명품이라고 갖고 다니는 것도 일부는 중국산', 'ㅋ 알리에서 전자제품 사지마라. 살꺼면 각오하고사던지', '중국은 세계의 민폐국..공산당 시진핑이 인민짱깨들를 사기꾼 범죄사상 세뇌교육 시키는 뗏놈 중국']",http://www.fntimes.com/html/view.php?ud=202302110834375808dd55077bc2_18,https://n.news.naver.com/mnews/article/009/0005085152?sid=103
2023.02.12.,뉴시스언론사 선정,,[홍찬선의 신공항여지도]항공우편에 '배터리·향수' 불가…입던 옷 반입금지 ...,,,http://www.newsis.com/view/?id=NISX20230210_0002189110&cID=10201&pID=10200,http://www.fntimes.com
2023.02.22.,스포츠조선,,"'충격' 토트넘, 모우라 시즌 중 잃을 위기…'교과서'가 된 알리",,,http://sports.chosun.com/news/ntype.htm?id=202302230100158680021273&servicedate=20230222,http://www.newsis.com
2023.02.24.,플래텀,사회,"알리바바그룹, 2023 회계연도 12월 분기 실적 발표","[ 기사내용 요약알리서 배터리 산 A씨 불량품에 반품 불가항공우편시 충전 배터리 해외배송 불가폭발물, 인화성, 유독성 등 항공배송 금지中 정치적 인쇄물·英 감옥서 만든 상품 등이란 '놀이용 카드, 악기, 입던 옷' 반입금지      [서울=뉴시스] 홍찬선 기자 = #.1 지난해 11월 중국 온라인 쇼핑몰 알리익스프레스에서 로봇청소기 충전용 배터리를 구입한 A씨는 황당한 일을 겪었습니다. 배송기간만 한 달 넘게 걸린 해당 배터리에서 충전이 되지 않는 등의 불량품이었습니다. A씨는 즉각 판매자에게 환불을 요청하고, 알리측에 분쟁을 제기했습니다. A씨가 환불을 받기 위해서는 별도 기간 내에 불량 배터리를 중국의 판매자에게 반품해야 했습니다.그런데 A씨에게 문제가 생겼습니다. 배송사들이 충전식 배터리의 항공배송을 거부했기 때문입니다. 거부사유는 해외 배송도 중 항공기에서 해당 배터리로 인한 화재가 발생할 수 있다는 이유였습니다. A씨는 알리익스프레스에 불량 배터리임을 확인하는 동영상과 중국으로 반송할 수 없는 이유에 대해 설명했지만, 알리 측은 해당 기간에 배터리가 반송되지 않았다며 A씨의 환불을 거부하고 해당 분쟁을 종료했습니다. A씨의 사례와 같이 국가별 상황에 따라 특정물품의 우편발송을 제한하는 경우가 발생합니다. 해외배송은 국내 배송과 달리 항공편과 선박으로 배송되기 때문에 화재 및 폭발 등의 사고에 대비해야하고 각국의 관세법도 까다롭기 때문입니다.  12일 우정사업본부에 따르면 항공보안법상 항공보안사업자가 항공기 안전에 위해를 줄 수 있다고 판단하는 경우 해당 물품의 항공기 탑재가 불가합니다.또한 내용물의 성질이나 포장으로 인해 직원 등에게 위험을 주거나 다른 소포와 우편장비 및 제3자의 소유물을 오염시키거나 훼손할 수 있는 물품 즉 폭발성, 가연성, 발화성 물질 등은 UPU(만국우편연합) 협약에서 정한 금지물품에 해당합니다.이 중 A씨의 사례와 같이 니켈류 배터리를 제외하고 충전해서 사용하는 배터리(리튬이온, 메탈 등)는 종류와 용량에 상관없이 발송이 불가합니다. 만약 해당 종류의 배터리를 분리한 경우에는 본체만 발송이 가능합니다.배터리가 포함된 물품으로는 노트북과 휴대폰, 무선충전기, 태블릿, 전자책, 이발기, 전자담배, 전자사전, 체온기, 혈압계, 블루투스 헤드셋, 완구·장난감 등이 이에 해당됩니다.특히 국내에서의 국제우편배송은 세가지로 구분 됩니다. 국제특급우편(EMS)과 국제항공우편, 국제선편우편입니다.    [인천공항=뉴시스] 박미소 기자 = 인천 중구 인천본부세관 특송물류센터에 국내 소비자들이 해외직구로 구입한 물품들이 국내에 도착하고 있다. (공동취재사진) 2023.02.12. photo@newsis.com배송방법은 항공기와 선편으로 운송되는 시스템입니다. 선편에 비해 항공기에서의 운송금지 제품은 더욱 엄격하게 관리된다는 게 우정사업본부 관계자의 설명입니다.우선 EMS와 항공우편은 항공기를 통해 배송되며 배송기간은 각각 약 2~5일과 5일~20일까지 소요됩니다. 국제선편우편은 선박을 통해 운송되기 때문에 가격이 저렴한 대신 배송은 약 1~4개월이 소요됩니다.그런데 A씨의 사례와 같이 항공우편을 통해 어떤 물품이 운송이 가능한지 불가 품목들은 어떤 것들이 있는지 소비자들은 알지 못하는 것도 사실입니다.우선 운송금지 제품은 ▲폭발성 물질(발화제, 화약류, 뇌관 등) ▲발화 및 가연성 물질(라이터, 부탄, 헤어스프레이 등) ▲인화성 물질(석유류, 알코올류, 주류 등) ▲유독 또는 악취가스나 증기를 발하는 물질(유독 및 악취 물질) ▲유독성 물질 및 강산류·강산화성 물질(염산 등) 독약류 및 병균류(독약 및 살아있는 병균 또는 이를 함유한 물건 등) ▲위험성 물질(총포, 마약, 음란물, 밀수품 등)은 해외배송이 금지됩니다.또한 항공보안법에서 정한 항공운송 금지품목(국토교통부 고시 제2021-1274호)에 따라 폭발물과 인화성, 유독성 물질 등 항공보안사업자가 항공기에 안전에 위해를 줄 수 있다고 판단하는 물품은 항공배송이 금지됩니다.해당 물품은 폭발물(탄약, 폭죽, 연막탄 등), 인화성 액체 및 고체(페인트, 신나, 라이터 기름, 성냥, 고체연료, 번개탄, 구두약 등)이며 향수나 소독약의 경우 알코올이 포함되면 배송이 불가합니다.반면 연료가 없는 휴대용 가스레인지와 지포라이터 완제품은 가능합니다. 다만 가스류(에어로졸, 캠핑가스, 소화기 등)와 부식성 물질(빙초산, 습식 배터리, 수은 온도계 등)이 포함될 경우에도 해외 배송을 할 수 없습니다.또한 위험물 표시가 없는 매니큐어와 리무버는 가능합니다. 염색약의 경우 완제품은 가능하지만 압축용기에 들어 있으면 안됩니다.    [인천공항=뉴시스] 이영환 기자 = 인천국제공항 화물터미널에서 항공화물드이 항공기에 탑재되고 있다. 2022.02.12. 20hwan@newsis.com특히 국가별 제한 조건도 있습니다. 국가별 상황에 따라 특정 물품의 우편발송을 제한(각국의 관세법)하는 경우가 있기 때문입니다.우선 ▲중국은 정치적 인쇄물과 골동품의 해외배송을 받지 않습니다. ▲호주는 침구(털 제품)와 소시지류 ▲스페인 목화씨, 당분 함유 음식물 ▲영국은 감옥에서 만든 상품과 진공포장이 안된 음식물 ▲이란은 놀이용 카드와 악기, 입던 옷 ▲멕스코도 초콜릿 류 등 각국의 관세법에 따라 자국으로 반입이 제한됩니다. 특히 '입던 옷'의 경우에는 이란 외에 다른 국가들에서도 반입을 금지하는 경우가 있다고 합니다. 이는 새 옷을 헌옷으로 둔갑해 판매하는 경우를 사전에 막기 위한 조치입니다.우정사업본부 관계자는 ""외국행 우편물은 관련규정과 국가별 상황에 따라 발송 제한품목이 다르기 때문에, 발송전에 꼭 인근 우체국에 문의하거나 인터넷 우체국을 통해 확인해 주시기 바란다""고 당부했습니다.신공항여지도국내공항은 신속하고 빠른 출입국 시스템에서 검역을 중심으로 재편되고 있습니다. 특히 코로나19의 암흑기가 지나고 승객수가 회복되면서 공항에서 벌어지는 각종 해프닝과 평소 궁금했던 공항 속 이야기들을 독자들이 알기 쉽게 풀어 가겠습니다． ]",[''],https://platum.kr/archives/202840,https://n.news.naver.com/mnews/article/003/0011687282?sid=102
A18면 1단,동아일보,,USTR “中 온라인 플랫폼은 세계최대 짝퉁시장”,,,https://www.donga.com/news/Inter/article/all/20230201/117698302/1,http://sports.chosun.com
2023.02.01.,머니투데이,,"""짝퉁, 중국이 제일 많이 팔아…플랫폼은 위챗"" 美 발표에 中 발끈",,,http://news.mt.co.kr/mtview.php?no=2023020114193965001,https://m.sports.naver.com/wfootball/article/076/0003973877
2023.02.26.,신아일보,,"포스트 코로나 시대, ""국외소비 늘고, 국내소비 줄어...양극화 심화""",,,http://www.shinailbo.co.kr/news/articleView.html?idxno=1666899,http://platum.kr
2023.02.24.,케이벤치,,12GB 램·10800mAh 배터리 장착 러기드 스마트폰 'Doogee S100' 공개,,,https://kbench.com/?q=node/241478,http://www.donga.com/
2023-02-07 18:44:01,아주경제,세계,"알리바바, '위드 코로나' 힘입어 순이익 69%↑","[ 위챗 전자상거래 등 中플랫폼 지목미국 정부가 중국을 세계에서 가장 큰 ‘짝퉁 유통처’로 지목하고 나섰다. 미국 무역대표부(USTR)는 지난달 31일 상표 위조와 저작권 침해 등으로 ‘악명 높은 시장’을 조사한 결과를 발표했다. 지난해 시장 조사 결과가 담긴 이번 보고서에는 온라인 시장 39곳과 18개국의 오프라인 시장 33곳의 명단을 공개했는데, 중국 기업이 다수 포함됐다. USTR는 이번 보고서 소개문에서부터 중국의 ‘위챗 전자상거래’를 대표적인 위조 상품 플랫폼으로 지목했다. 중국의 주요 전자상거래 업체인 알리익스프레스, 바이두 왕판, DH게이트, 핀두오두오, 타오바오 등도 뒤이어 언급했다. 또 중국 내 오프라인 시장 7곳이 위조 상품의 온라인 판매를 지원한다고 꼬집는 등 노골적으로 중국 시장을 비판했다.  USTR는 본문에도 “중국은 이번에도 세계에서 가장 큰 위조상품 시장이었다”며 “중국 제품은 미국 세관국경보호국(CBP)이 2021년 압수한 모든 위조·해적판 제품 총 소매가의 75%나 차지한다”고 명시했다. 이어 “중국이 신종 코로나바이러스 감염증(코로나19) 방역을 완화화면서 위조 제품이 더 풀릴 것”이라며 중국 당국에 단속 강화를 촉구했다. USTR는 지난해 2월 발표에서도 중국의 위챗 전자상거래 시스템과 알리익스프레스에서 심각한 상표권 침해가 이뤄진다고 지목한 바 있다. 당시 중국 당국은 “우리는 지식재산권 보호를 매우 중시해 왔다. 미국은 경제·무역 문제를 정치화하지 말아야 한다”고 반박했다. ]",[],https://www.ajunews.com/view/20230224142822056,https://n.news.naver.com/mnews/article/020/0003477181?sid=104
2023-02-12 09:10:00,머니투데이언론사 선정,,"""억만장자처럼 쇼핑하라"" 통했다…아마존 제치고 美 흔든 中쇼핑몰",,,http://news.mt.co.kr/mtview.php?no=2023022015290627392,http://www.mt.co.kr/
2023-02-02 03:03:05,비즈니스포스트,세계,"카카오페이 자회사 투자에도 연간 순이익 첫 흑자, 신원근 확장 전략 성공","[     /사진=게티이미지뱅크미국 정부가 세계에서 가장 많은 위조품을 판매하는 나라로 중국을 꼽았다.미국 무역대표부(USTR)는 31일(현지시각) '악명 높은 시장' 보고서를 통해 온라인 시장 39곳과 18개 국가의 오프라인 시장 33곳을 위조품 유통처로 지목했다.USTR은 이 중 중국 채팅 앱인 '위챗'을 세계에서 가장 큰 위조품 거래 플랫폼이라고 밝혔다. 위챗은 지난해 발표된 보고서에 이어 2번 연속 이 명단에 포함됐다.USTR은 위챗이 이용자에게 쉽게 위조품을 유통하고 판매할 수 있도록 하는 환경을 제공했다고 설명했다.보고서에선 위챗 외에도 알리익스프레스, 타오바오, 바이두 왕판, DH게이트, 핀두오두오 등 중국에 본사를 둔 전자상거래 업체를 위조품 유통처로 꼽았다.USTR은 ""중국은 위조·해적판 제품 유통·판매 분야에서 세계를 선도하고 있다""며 ""중국이나 홍콩을 거쳐 들어오는 중국의 위조·해적판 제품은 미국 세관국경보호국(CBP)에서 2021년 압수한 위조·해적판 제품의 75%를 차지한다""고 밝혔다.이어 ""우리는 미국의 무역 상대국에 위조품 유통에 대한 조치를 취하도록 촉구하기 위해 이 보고서를 작성했다""고 설명했다.중국 정부는 해당 보고서를 작성한 미국 정부를 향해 ""무책임한 행동""이라며 그 내용에 동의하지 않는다는 의사를 밝혔다. 위챗을 운영하는 텐센트 역시 강력 반발했다.다만 알리익스프레스를 운영하는 알리바바는 ""지식재산권 보호에 대한 우려를 해결하기 위해 정부 기관과 협력해나가겠다""고 밝혀 다소 온도차를 보였다. ]",[],https://www.businesspost.co.kr/BP?command=article_view&num=305628,https://n.news.naver.com/mnews/article/008/0004846197?sid=104
2023-02-01 14:44:44,시사캐스트,,[패션트렌드] 2022년 패션시장 결산… Y2K 열풍에 오프라인 부활,,,http://www.sisacast.kr/news/articleView.html?idxno=36262,http://www.shinailbo.co.kr/
2023.02.24.,SBS Biz언론사 선정,,[김대호 박사의 오늘 기업·사람] 테슬라·GM·위챗(텐센트)·타오바오(알리바...,,,https://biz.sbs.co.kr/article_hub/20000101248?division=NAVER,http://www.kbench.com/
2023.02.21.,한국무역신문,,"미국, '악명 높은 시장' 명단 공개… “중, 짝퉁 유통 1위”",,,https://www.weeklytrade.co.kr/news/view.html?section=1&category=136&item=&no=85255,http://www.ajunews.com
2023.02.08.,머니S언론사 선정,,"美통상대표부, 中위챗에 일침… ""세계 최대 짝퉁 플랫폼""",,,http://moneys.mt.co.kr/news/mwView.php?no=2023020116372219653,http://www.mt.co.kr/
2023.02.02.,한국경제,경제,"美 ""세계 가품 시장 선도하는 中…위챗, 짝퉁 장터""","[    [핀둬둬로 알려진 상장사 'PDD'의 테무…출시 두 달 만에 미국 앱 다운로드 1위]    중국 전자상거래 기업 핀둬둬/사진=게티이미지""억만장자처럼 쇼핑하라."" 초저가 온라인 쇼핑플랫폼 '테무'(Temu)의 지난 19일(현지시간) 미국 슈퍼볼 광고 메시지 내용이다. 미국을 기반으로 한 온라인 쇼핑몰이지만 중국 소셜커머스 대기업 핀둬둬가 만든 것으로, 이제 아마존과 월마트를 제치고 미국에서 가장 많이 다운로드되는 앱이 됐다. 가정용품부터 의류, 전자제품에 이르기까지 사실상 모든 것을 온라인에서 초저가로 판매하는 보스턴 소재 테무는 슈퍼볼 게임 중 소비자들에게 ""억만장자처럼 쇼핑하라""는 광고를 공개했다. CNN 등의 현지 언론 보도에 따르면 테무 대변인은 ""가능한 가장 큰 무대를 통해서 소비자들이 우리가 제공하는 가격으로 인해 자유롭게 쇼핑할 수 있다는 것을 공유하고 싶다""고 광고 배경을 설명했다. 광고는 30초 지점에서 저렴하게 많이 구매함으로써 돈을 펑펑 쓰는 것처럼 느끼라는 테무의 소비자 제안을 보여준다. 실제 테무의 여성 수영복 가격은 6달러50센트(8500원)이고 무선이어폰 가격은 8달러50센트(1만1000원)이며, 눈썹 다듬는 기계는 불과 90센트에 그친다. 테무의 상상 이상의 저렴한 가격 정책은 저가 의류, 가정용품 등을 폭넓게 선택할 수 있는 중국의 패스트패션 스타트업 '쉐인'을 연상시킨다. 코어사이트리서치에 따르면 쉐인은 미국에 본사를 둔 할인점 위시, 알리바바의 알리익스프레스와 함께 테무의 경쟁자 중 한 명이다. 중국에서 ""티무""로 발음되는 테무는 미국 나스닥에 상장된 모회사인 PDD홀딩스에 의해 작년 출시됐다. PDD의 자회사 핀둬둬는 약 9억명의 사용자를 보유한 중국에서 가장 인기 있는 전자상거래 플랫폼 중 하나다. 핀둬둬는 지인들과 공동 구매를 통해 가격을 낮출 수 있는 단체 구매 사업모델로 이름을 날렸다. 분석업체 센서타워에 따르면 지난해 9월 출시된 테무 앱은 2400만회 다운로드 돼 월간 활성사용자수가 1100만명을 넘었다. 지난 11월 미국 앱스토어 차트에서 모두 1위로 치솟아 4분기 앱 설치량이 아마존(AMZN)과 월마트(WMT), 타깃(TGT)을 넘어섰다. 특정품목을 89% 할인하는 등 초저가와 앱 내 반짝 세일로 신규 사용자 확보에 성공했다. 웹사이트에서 테무는 모회사의 ""다양한 품질의 제품을 제공하기 위해 수년간 구축된 방대하고 깊은 네트워크""를 사용한다고 밝히고 있다. 테무는 이미 미국을 넘어 캐나다로 사업을 확장할 계획이다. 하지만 너무 낮은 가격으로 인해 막대한 비용이 생겨 테무의 초저가 전략이 지속가능한 것인지 의문도 나온다. 경영컨설팅회사 키어니의 마이클 펠리체 준파트너는 ""미국 소비자들은 이 같은 가격포인트 중 일부를 받아들일 준비가 되어 있지 않을 수도 있다. '너무 싸기 때문에 좋은 것일까?'라는 질문이 항상 있다""고 밝혔다. 반면 코어사이트 리서치의 CEO인 데보라 와인스윅은 ""테무의 마케팅 실험은 자원이 풍부한 모회사 덕분에 가능한 것""이라며 ""소비자들이 여전히 고조된 인플레이션과 어느 정도의 경제적 불확실성 속에서 가치를 추구하기 때문에 테무의 출시 시기는 적절하다""고 말했다.  ]","['1회용품을 왜 그렇게 비싸게 파는거냐?', '한번씀 고장나서 버려야할듯', '', '알리바바가 인지도나 뭐나더 나을텐데', '오래 못가겠네', '']",https://www.hankyung.com/international/article/202302016580i,https://n.news.naver.com/mnews/article/008/0004853506?sid=101
2023.02.02.,STN 스포츠,,"[EPL zip] '솔로몬 결승골' 풀럼, 브라이튼에 1-0 승리",,,https://www.stnsports.co.kr/news/articleView.html?idxno=202102,http://www.businesspost.co.kr/
2023.02.02.,제주매일,,제주 해외관광마케팅 아날로그식 구태만 '답습',,,http://www.jejumaeil.net/news/articleView.html?idxno=323934,http://www.sisacast.kr/
2023.02.02.,한국경제,,"美 ""中은 짝퉁 성지 그 중 최악은 위챗""",,,https://www.hankyung.com/international/article/2023020183711,https://biz.sbs.co.kr
2023.02.01.,뉴스1,경제,中 위조품이 세계 휩쓸어…위챗은 '짝퉁 플랫폼'-美 보고서,"[ ■ 모닝벨 '오늘 기업 오늘 사람' - 김대호 글로벌이코노믹연구소장◇ 뉴욕증시 파월 랠리 '테슬라·GM'간밤 미 연준이 기준금리를 0.25%p 인상해 시장 예상치에 부합했습니다. 대표적인 금리 민감주로 꼽히는 테슬라 주가에 미친 영향은 어떨지 오늘 첫 소식으로 살펴보겠습니다. 박사님, 연준이 긴축을 완화할거란 기대에 어제는 테슬라 주가가 4% 가까이 급등했습니다. 실제 발표가 난 오늘은 더 크게 올랐죠?- 뉴욕증시, 파월 의장 '인플레 완화' 인정에 랠리- 파월 의장 ""이제 처음으로 인플레 완화 말할 수 있다""- ""더 많은 인상 필요할 수도"" 여지 남겼지만 시장 환호- 美 연준, 시장 예상대로 0.25%p 인상…인상 기조 유지- 파월 발언 예상보다 '덜 매파적'…테슬라 5% 급등- 나스닥 2% 강세…AMD·테슬라·메타 등 기술주 급등- GM, 작년 4분기 사상 최대 영업익…전기차 판매 호조- GM ""전기차 가격인하 없다""…대신 리튬에 '대규모 투자'- ""전기차 신모델 수요 강하고 가격 책정도 적절했다""- 테슬라·포드 전기차 가격 인하에도…GM은 투자로- 캐나다 광산업체 6.5억 달러…배터리 소재 투자 최대- 자율주행으로 흥한 테슬라, '자율주행 늪'에 빠지다- 美 법무부, 테슬라에 자율주행 기능 관련 문서 요청- 테슬라 오토파일럿·FSD…허위·과장 홍보 논란 수사 - 테슬라의 상징 '자율주행' 최근에는 리스크로 작용- 지난해 10월 자율주행 기능에 형사 혐의…수사 착수- ""모델X가 자율주행 2016년 영상은 연출됐다"" 증언- ""미리 이동 경로를 입력해 주행…주차할 때도 충돌""- 지난해 8월엔 '모델3' 마네킹 충돌 영상 공개해 논란- 캘리포니아주 ""테슬라가 허위 과장광고 했다"" 고발- 테슬라, 비트코인으로 1730억원 손실…보유분 75% 매도- 2년새 비트코인 보유액 1조8천억→2200억원으로- 美 회계 규정상 가상자산 신고…손상차손 처리해야- 비트코인 긍정적 전망 실종…""잠재력 신뢰"" 표현 사라져- 가상자산 띄우는 발언으로 뒤흔든 '도지파더' 머스크- 테슬라 상품 결제에 비트코인 도입하려다 돌연 취소◇ 산자이 짝퉁 리스트 '위챗(텐센트)·타오바오(알리바바)'다음은 위챗과 타오바오입니다. 중국의 위조 상품, 즉 짝퉁이 세계를 선도하고 있다고 미국이 직격했습니다. 가장 큰 짝퉁 거래 플랫폼으론 중국의 소셜미디어 위챗을 지목했는데요. 박사님, 미국 무역대표부가 '악명 높은 시장' 목록을 공개했는데 중국 비중이 상당하다고요?- 美, '악명 높은' 위조품 판매처로 中 기업 다수 지목- 美 USTR, '악명 높은 위조품 판매 시장' 명단 발표- ""세관 압수한 위조·해적판 제품 가치의 75% 중국산""- 온라인 39곳·오프라인 18개국 33곳 위조품 거래처 지정- 美 ""中이 짝퉁 시장을 선도한다…그 중 최악은 위챗""- 알리바바 알리익스프레스·타오바오·바이두 왕판 등 포함- ""中, 짝퉁 제일 많이 팔아""…美 발표에 중국 발끈- 中, 美 정부 향해 ""무책임한 행동""…텐센트도 반발- '짝퉁 대국' 불명예 못 벗어나면 G2도 의미 퇴색- ""中에선 엄마 빼고는 다 가짜라고 봐야 한다"" 유행- 中 지방도시서 스마트폰 짝퉁 애미콜·애니셀 등 발견- 'K- 뷰티' 위조품 판매조직 등 중국서 대거 적발- 특허청 '위조 한국산 미용 의약품' 판매실태 조사- '위조 한국산' 필러·보톨리눔톡신 제품 등 압수- ""위조 韓 미용 의약품, 中 온라인서 은밀하게 유통""- ""짝퉁 판매한 아마존도 책임 있다"" 유럽서 나온 판결- 프랑스 명품 구두 '크리스찬 루부탱', 아마존 상대 소송- '레드솔' 디자인 특허 침해한 모조품 아마존서 유통- ""개별 판매자 아닌 플랫폼 신뢰하고 물건을 구입해""- 유럽서 플랫폼- 명품간 송사 다툼으로 이어질지 주목- 통신중개업자로 면책 강조했던 국내 플랫폼사 '긴장'- 유통업계선 ""플랫폼사 면책조항도 바뀔 때 됐다""◇ 이상한 성과급 잔치 'SK하이닉스·인텔'마지막으로 준비한 소식 SK하이닉스와 인텔입니다. SK하이닉스가 10년 만의 첫 분기 적자에도 전 임직원에게 연봉의 40%가 넘는 성과급을 지급하기로 눈길을 끌고 있습니다. 박사님, 적자는 났지만 직원 격려는 별개다, 이렇게 봐야할까요?- SK하이닉스 '기본급의 820%' 성과급…연봉의 41%- 10년 만의 분기 영업적자에도 불구 '성과급 잔치'- SK하이닉스, 연실적 따라 연봉의 최대 50% PS 지급- 자회사인 솔리다임의 실적은 인수 완료때까지 제외- ""성과에 대한 적절한 보상 기조…위기 극복 의미""- 지난달 13일에도 기본급의 100% 하반기 PI로 지급- '최악 실적' 인텔, 임직원 급여 삭감…""비용 절감""- 팻 겔싱어 CEO 기본급 25%·임원 15% 등 삭감- ""경제 역풍 헤쳐나가고 비용 절감 일환으로 삭감""- 앞서 애플 팀 쿡·골드만삭스 CEO도 급여 삭감 동참- 복병 된 키옥시아·솔리다임…평가손만 2조5천억원- 메모리 수요 둔화, 가격도 급락…낸드 수익성 악화- 낸드 시황 악화로 키옥시아·솔리다임 일회성 비용 발생- ""인수 첫해로 출범 비용이나 비경상적 비용도 반영""- 2018년 4조 투자한 키옥시아, 6200억 평가손 발생- ""엔화 급락으로 키옥시아 지분 하향 평가 불가피""(자세한 내용은 동영상을 시청하시기 바랍니다.)   ]",['공탐지수가 73돌파\n\n 나도 모르겠다 타야하나 말아야하나'],https://www.news1.kr/articles/4939563,https://n.news.naver.com/mnews/article/374/0000321091?sid=101
2023.02.19.,조선일보,,"악명높은 위조품 판매처... 美, 중국기업 위챗·타오바오 지목했다",,,https://www.chosun.com/international/us/2023/02/01/7JWH77VPUZH2FB3VBMRCPKNXSE/?utm_source=naver&utm_medium=referral&utm_campaign=naver-news,http://www.weeklytrade.co.kr
2023.02.21.,SBS,,"미국, '악명 높은' 위조품 판매처로 위챗 등 중국 기업 다수 지목",,,https://news.sbs.co.kr/news/endPage.do?news_id=N1007063467&plink=ORI&cooper=NAVER,https://www.moneys.co.kr/
2023-02-21 06:11:00,아이뉴스24언론사 선정,세계,전 세계에서 '위조품' 가장 많이 생산하는 나라 1위는?,"[     미국 통상대표부(USTR)가 중국 채팅 애플리케이션 위챗과 알리익스프레스, 타오바오, 바이두 왕판 등 중국에 본사를 둔 전자상거래 업체를 '악명 높은 시장'으로 지목했다. 사진은 위챗 사용 화면. /사진=위챗 앱 캡쳐 미국 정부가 중국 채팅 애플리케이션(앱)인 위챗을 예로 들며 가짜·위조품 대부분이 중국산이라는 보고서를 공개했다.지난달 31일(이하 현지시각) 로이터에 따르면 미국 통상대표부(USTR)는 이 같은 내용이 담긴 '악명 높은 시장 보고서'를 공개했다. 악명 높은 시장은 가품과 같이 상표를 위조하거나 저작권을 침해하는 상품이 거래되는 이른바 '짝퉁' 시장을 의미한다.보고서에 따르면 미국 세관이 압수한 위조품·해적판 상품 중 75%는 중국산이거나 중국에서 홍콩으로 넘어간 상품이다. USTR은 위챗을 지목하며 ""가장 큰 위조품 플랫폼 중 하나""라고 밝혔다. 위챗은 중국을 대표하는 채팅 앱으로 사용자 규모는 10억명이 넘는다. USTR은 ""위챗은 이용자가 쉽게 위조품을 유통하고 판매할 수 있도록 환경을 제공했다""고 설명했다. 이어 알리익스프레스, 타오바오, 바이두 왕판, DH게이트, 핀두오두오 등 중국에 본사를 둔 전자상거래 업체를 위조품 시장 리스트에 이름을 올렸다고 밝혔다.캐서린 타이 USTR 대표는 ""악명 높은 시장 리스트는 이런 해로운 관행에 맞서 미국의 무역 파트너들과 민간이 겪는 문제를 해결할 수 있도록 도와주는 중요한 도구""라고 말했다.중국 정부는 이에 대해 불쾌감을 드러냈다. 중국 정부는 ""무책임한 행동""이라며 동의하지 않는다고 밝혔다. 중국 기업도 이 같은 결정이 반갑지 않은 상황이다. 알리바바는 ""플랫폼 전반에 걸쳐 지식재산권 보호에 대한 우려를 해소하기 위해 정부 기관과 협력을 이어 나가겠다""고 설명했다. ]","['폐쇄적인 중국국가 특성상 위조품거래 등과 같은 불법적인 일들이 비일비재한 것은 어쩔수 없겠지요. 본인들 체제에 반하는 행위만 아니면 묵과해줄테니.', '중국이 카운터 펀치 맞은셈임.\n미국 심기 건드리면 사실상 끝.', '']",http://www.inews24.com/view/1562790,https://n.news.naver.com/mnews/article/417/0000891774?sid=104
2023-02-02 07:55:01,STN 스포츠,,"[EPL zip] '솔로몬 결승골' 풀럼, 브라이튼에 1-0 승리",,,https://www.stnsports.co.kr/news/articleView.html?idxno=202102,http://www.hankyung.com/
2023-02-02 07:26:00,제주매일,세계,제주 해외관광마케팅 아날로그식 구태만 '답습',"[     사진=연합뉴스미국 정부가 “중국이 전 세계 ‘짝퉁(가품)’ 시장을 선도한다”는 내용의 보고서를 내놨다. 중국의 소셜 미디어 위챗은 가장 큰 짝퉁 거래 플랫폼으로 지목했다.31일(현지시간) 미 무역대표부(USTR)는 ‘악명 높은 시장’ 목록을 공개하며 이같이 밝혔다. 악명 높은 시장이란 가품 등 상표를 위조하거나 저작권을 침해하는 상품이 거래되는 시장을 뜻한다.보고서에 따르면 2021년 미국 세관국경보호국(CBP)이 압수한 위조품 중 중국산이거나 중국에서 홍콩을 거쳐 들어온 가품의 비중은 전체의 75%를 차지했다. 미국 정부는 악명 높은 시장 목록에 상표 위조 및 저작권 침해에 관여하거나, 이를 촉진하는 온라인 시장 39곳과 오프라인 시장 33곳을 기재했다.위챗은 “중국에서 가장 큰 위조 상품 플랫폼”으로 명시했다. 그 외 중국의 알리익스프레스, 바이두 왕판, 타오바오, 핀둬둬 등 거대 전자상거래 플랫폼들이 대거 목록에 포함됐다.캐서린 타이 USTR 대표는 “가품 무역은 미국 노동자들의 경제적 안전을 해치고, 공정하고 포괄적인 무역 정책을 수립하려는 우리의 노력을 저해한다”고 말했다.  ]",[],http://www.jejumaeil.net/news/articleView.html?idxno=323934,https://n.news.naver.com/mnews/article/015/0004805409?sid=104
2023-02-01 10:02:02,조세금융신문,,[이슈체크] “달러 필요 없다”…브릭스 중심 무역결제 때 ‘달러 무시’ 조짐...,,,https://www.tfmedia.co.kr/news/article.html?no=139954,http://www.stnsports.co.kr/
A10면 1단,스포티비뉴스,,"포체티노 前 토트넘 감독, EPL 복귀 가능성…'공석' 리즈 사령탑 지목",,,https://www.spotvnews.co.kr/news/articleView.html?idxno=584555,https://m.sports.naver.com/wfootball/article/450/0000091661
2023.02.01.,머니S,,2023년 1월 프랜차이즈 정보공개서 신규등록 151개 명단공개,,,http://moneys.mt.co.kr/news/mwView.php?no=2023020116331050820,http://www.jejumaeil.net
2023.02.01.,STN 스포츠,,"[EPL zip] '솔로몬 결승골' 풀럼, 브라이튼에 1-0 승리",,,https://www.stnsports.co.kr/news/articleView.html?idxno=202102,http://www.hankyung.com/
2023.02.01.,제주매일,세계,제주 해외관광마케팅 아날로그식 구태만 '답습',"[ 세관 압수 제품 75%가 중국산미국 정부가 “중국이 전 세계 ‘짝퉁(가품)’ 시장을 선도한다”는 내용의 보고서를 내놨다. 중국의 소셜미디어 위챗을 가장 큰 짝퉁 거래 플랫폼으로 지목했다.31일(현지시간) 미 무역대표부(USTR)는 ‘악명 높은 시장’ 목록을 공개하며 이같이 밝혔다. 악명 높은 시장이란 가품 등 상표를 위조하거나 저작권을 침해하는 콘텐츠 등이 거래되는 시장을 의미한다.이 보고서에 따르면 2021년 미국 세관국경보호국(CBP)이 압수한 위조품 중 중국산이거나 중국에서 홍콩을 거쳐 들어온 가품 비중은 전체의 75%를 차지했다.미국 정부는 악명 높은 시장 목록에 가품 및 저작권 침해 콘텐츠가 유통되거나, 위조품 생산을 촉진하는 온라인 시장 39곳과 오프라인 시장 33곳을 기재했다. 이 중 위챗은 “중국에서 가장 큰 위조품 유통 플랫폼 중 하나”로 명시했다. 위챗은 2021년부터 이 명단에 포함됐다. 그 외 중국 알리바바의 알리익스프레스와 타오바오, 바이두 왕판 등 거대 전자상거래 플랫폼이 대거 목록에 포함됐다. ]",[],http://www.jejumaeil.net/news/articleView.html?idxno=323934,https://n.news.naver.com/mnews/article/015/0004805699?sid=104
2023.02.01.,조세금융신문,,[이슈체크] “달러 필요 없다”…브릭스 중심 무역결제 때 ‘달러 무시’ 조짐...,,,https://www.tfmedia.co.kr/news/article.html?no=139954,http://news1.kr/
2023.02.19.,스포티비뉴스,세계,"포체티노 前 토트넘 감독, EPL 복귀 가능성…'공석' 리즈 사령탑 지목","[ 美 세관이 압수한 위조품·해적판 중 75% 차지알리바바에 이어 위챗도 '악명 높은 시장 리스트' 올라    바이든 대통령의 무역정책에 대한 상원 재무위원회 청문회에서 캐서린 타이 미국 통상대표부(USTR) 대표가 증언하고 있다. 2022.03.31 ⓒ 로이터=뉴스1 ⓒ News1 권진영 기자(서울=뉴스1) 권진영 기자 = 미국 정부가 중국산 가짜·위조품이 시장을 선두하고 있다는 보고서를 발표했다. 중국의 채팅앱 '위챗'을 콕 집어 위조품 시장의 온상으로 지목했다.로이터통신은 미국 정부가 이 같은 내용을 담은 '악명 높은 시장 보고서'를 31일(현지시간) 발간했다고 보도했다.미국 세관이 압수한 위조품·해적판 상품 중 75%는 중국산이거나 중국에서 홍콩으로 넘어간 상품으로 집계됐다.    중국 메신저 위챗 로고. 2022.01.26/news1 ⓒ AFP=뉴스1 ⓒ News1 김민수 기자미국 통상대표부(USTR)는 ""가장 큰 위조품 플랫폼 중 하나""로 중국을 대표하는 채팅 앱 위챗(WeChat)을 지목했다. 위챗은 사용자 규모가 10억 명을 넘는 초대형 플랫폼이다.보고서는 위챗이 손쉽게 위조품 유통 및 판매를 할 수 있는 전자상거래 생태계를 제공했다고 지적했다.아울러 USTR은 오프라인 시장 7곳을 포함해 중국에 본사를 둔 알리익스프레스· 바이두 왕판·DH게이트·핀둬둬·타오바오 등이 여전히 악명 높은 시장 리스트에 올라 있다고 전했다. 앞서 미국 정부는 2022년 2월 위챗의 소유주 텐센트와 알리바바가 운영하는 온라인쇼핑몰을 이 리스트에 추가했다. 이에 대해 중국 정부는 ""무책임한 조치""라며 동의하지 않는다고 밝혔다. 텐센트 또한 미국 정부의 결정에 강력히 반대하고 나섰다.알리바바는 플랫폼 전반에 걸쳐 지식재산권(IP) 보호에 대한 우려를 해소하기 위해 정부 기관과 협력을 이어 나가겠다고 했다. 캐서린 타이 USTR 대표는 ""악명 높은 시장 리스트는 이런 해로운 관행에 맞서 우리 무역 파트너들과 민간이 조처를 할 수 있도록 도와주는 중요한 도구""라고 말했다.   ]","['짝퉁하면 중국이지..암요', '', '', '', '뭐 당연한거 아닌가']",https://www.spotvnews.co.kr/news/articleView.html?idxno=584555,https://n.news.naver.com/mnews/article/421/0006605099?sid=104
2023.02.21.,머니S,,2023년 1월 프랜차이즈 정보공개서 신규등록 151개 명단공개,,,http://moneys.mt.co.kr/news/mwView.php?no=2023020116331050820,http://www.chosun.com/
